t,u,theta,theta_rad,phi
0,0,0,0,0
0.01,0,0.004455633,0.004455633,0
0.02,0,0.00707955,0.00707955,0
0.03,0,0.0150437,0.0150437,0
0.04,0,0.0211957,0.0211957,0
0.05,0,0.02772118,0.02772118,0
0.06,0,0.03559472,0.03559472,0
0.07,0,0.04014771,0.04014771,0
0.08,0,0.04712544,0.04712544,0
0.09,0,0.04920622,0.04920622,0
0.1,0,0.05551848,0.05551848,0
0.11,0,0.05617711,0.05617711,0
0.12,0,0.06037248,0.06037248,0
0.13,0,0.06971444,0.06971444,0
0.14,0,0.07734059,0.07734059,0
0.15,0,0.08143751,0.08143751,0
0.16,0,0.08441246,0.08441246,0
0.17,0,0.08602337,0.08602337,0
0.18,0,0.08646605,0.08646605,0
0.19,0,0.09045953,0.09045953,0
0.2,0,0.09464472,0.09464472,0
0.21,0,0.09885295,0.09885295,0
0.22,0,0.1002319,0.1002319,0
0.23,0,0.1034023,0.1034023,0
0.24,0,0.1044763,0.1044763,0
0.25,0,0.1077789,0.1077789,0
0.26,0,0.1113882,0.1113882,0
0.27,0,0.1132058,0.1132058,0
0.28,0,0.1166732,0.1166732,0
0.29,0,0.1163721,0.1163721,0
0.3,0,0.1201869,0.1201869,0
0.31,0,0.1224986,0.1224986,0
0.32,0,0.1287088,0.1287088,0
0.33,0,0.1303193,0.1303193,0
0.34,0,0.1298892,0.1298892,0
0.35,0,0.1320022,0.1320022,0
0.36,0,0.1333487,0.1333487,0
0.37,0,0.1383688,0.1383688,0
0.38,0,0.1433706,0.1433706,0
0.39,0,0.1439501,0.1439501,0
0.4,0,0.1471959,0.1471959,0
0.41,0,0.1467259,0.1467259,0
0.42,0,0.148368,0.148368,0
0.43,0,0.1498184,0.1498184,0
0.44,0,0.1501872,0.1501872,0
0.45,0,0.1554228,0.1554228,0
0.46,0,0.1569372,0.1569372,0
0.47,0,0.1623919,0.1623919,0
0.48,0,0.1615691,0.1615691,0
0.49,0,0.1643293,0.1643293,0
0.5,0,0.1641589,0.1641589,0
0.51,0,0.1635457,0.1635457,0
0.52,0,0.1611106,0.1611106,0
0.53,0,0.1628807,0.1628807,0
0.54,0,0.1628736,0.1628736,0
0.55,0,0.1654383,0.1654383,0
0.56,0,0.1673561,0.1673561,0
0.57,0,0.1686416,0.1686416,0
0.58,0,0.1683338,0.1683338,0
0.59,0,0.1700352,0.1700352,0
0.6,0,0.173261,0.173261,0
0.61,0,0.1723906,0.1723906,0
0.62,0,0.1732661,0.1732661,0
0.63,0,0.1755057,0.1755057,0
0.64,0,0.1758247,0.1758247,0
0.65,0,0.1779704,0.1779704,0
0.66,0,0.1777887,0.1777887,0
0.67,0,0.1814771,0.1814771,0
0.68,0,0.1793745,0.1793745,0
0.69,0,0.177889,0.177889,0
0.7,0,0.1822681,0.1822681,0
0.71,0,0.1839622,0.1839622,0
0.72,0,0.1831922,0.1831922,0
0.73,0,0.1850226,0.1850226,0
0.74,0,0.1847997,0.1847997,0
0.75,0,0.1861349,0.1861349,0
0.76,0,0.1919631,0.1919631,0
0.77,0,0.1935099,0.1935099,0
0.78,0,0.1945679,0.1945679,0
0.79,0,0.1977283,0.1977283,0
0.8,0,0.2016502,0.2016502,0
0.81,0,0.2026488,0.2026488,0
0.82,0,0.2024501,0.2024501,0
0.83,0,0.2071272,0.2071272,0
0.84,0,0.2070734,0.2070734,0
0.85,0,0.2009111,0.2009111,0
0.86,0,0.1986423,0.1986423,0
0.87,0,0.1978624,0.1978624,0
0.88,0,0.1949527,0.1949527,0
0.89,0,0.193853,0.193853,0
0.9,0,0.1958998,0.1958998,0
0.91,0,0.19546,0.19546,0
0.92,0,0.1910353,0.1910353,0
0.93,0,0.1935989,0.1935989,0
0.94,0,0.1971064,0.1971064,0
0.95,0,0.1979619,0.1979619,0
0.96,0,0.1970714,0.1970714,0
0.97,0,0.1980403,0.1980403,0
0.98,0,0.1961468,0.1961468,0
0.99,0,0.1942847,0.1942847,0
1,0,0.1889417,0.1889417,0
1.01,35,0.1880018,0.1880018,0
1.02,35,0.1887982,0.1887982,12
1.03,35,0.3209947,0.3209947,11
1.04,35,0.7055959,0.7055959,11
1.05,35,1.093271,1.093271,10
1.06,35,1.189983,1.189983,11
1.07,35,0.7818835,0.7818835,12
1.08,35,0.1104806,0.1104806,12
1.09,35,-0.6163003,-0.6163003,12
1.1,35,-1.179986,-1.179986,12
1.11,35,-1.820724,-1.820724,14
1.12,35,-2.432443,-2.432443,14
1.13,35,-3.385865,-3.385865,16
1.14,35,-4.325986,-4.325986,17
1.15,35,-5.402856,-5.402856,16
1.16,35,-6.467824,-6.467824,18
1.17,35,-7.498301,-7.498301,20
1.18,35,-8.250678,-8.250678,21
1.19,35,-8.869318,-8.869318,23
1.2,35,-9.942706,-9.942706,21
1.21,35,-11.14039,-11.14039,23
1.22,35,-12.44364,-12.44364,25
1.23,35,-14.09582,-14.09582,27
1.24,35,-15.45069,-15.45069,29
1.25,35,-16.01718,-16.01718,31
1.26,35,-16.64571,-16.64571,33
1.27,35,-17.37288,-17.37288,34
1.28,35,-17.74301,-17.74301,36
1.29,35,-18.19432,-18.19432,37
1.3,35,-19.60676,-19.60676,37
1.31,35,-20.03773,-20.03773,37
1.32,35,-18.47948,-18.47948,36
1.33,35,-16.20539,-16.20539,36
1.34,35,-13.73141,-13.73141,35
1.35,35,-11.27722,-11.27722,35
1.36,35,-8.523851,-8.523851,35
1.37,35,-5.963103,-5.963103,35
1.38,35,-3.889062,-3.889062,35
1.39,35,-2.225669,-2.225669,35
1.4,35,-0.6025184,-0.6025184,35
1.41,35,0.9980846,0.9980846,36
1.42,35,2.627899,2.627899,36
1.43,35,4.25866,4.25866,36
1.44,35,5.937134,5.937134,36
1.45,35,7.452115,7.452115,36
1.46,35,8.814148,8.814148,36
1.47,35,10.22525,10.22525,36
1.48,35,11.47498,11.47498,36
1.49,35,12.79924,12.79924,36
1.5,35,13.85961,13.85961,36
1.51,35,14.56974,14.56974,36
1.52,35,15.17319,15.17319,36
1.53,35,16.04175,16.04175,36
1.54,35,16.90765,16.90765,36
1.55,35,17.72684,17.72684,36
1.56,35,18.36645,18.36645,36
1.57,35,18.59309,18.59309,36
1.58,35,18.62502,18.62502,36
1.59,35,18.67097,18.67097,36
1.6,35,18.8231,18.8231,36
1.61,35,18.76748,18.76748,36
1.62,35,18.35539,18.35539,36
1.63,35,17.74103,17.74103,36
1.64,35,17.08463,17.08463,36
1.65,35,16.50888,16.50888,36
1.66,35,15.88363,15.88363,36
1.67,35,15.00194,15.00194,36
1.68,35,13.91253,13.91253,36
1.69,35,12.75881,12.75881,36
1.7,35,11.59524,11.59524,36
1.71,35,10.39628,10.39628,36
1.72,35,9.110682,9.110682,36
1.73,35,7.742939,7.742939,36
1.74,35,6.287201,6.287201,36
1.75,35,4.724078,4.724078,36
1.76,35,3.243357,3.243357,36
1.77,35,1.81642,1.81642,36
1.78,35,0.320125,0.320125,36
1.79,35,-1.218199,-1.218199,36
1.8,35,-2.777995,-2.777995,36
1.81,35,-4.301928,-4.301928,36
1.82,35,-5.769546,-5.769546,36
1.83,35,-7.179132,-7.179132,36
1.84,35,-8.549464,-8.549464,36
1.85,35,-9.890159,-9.890159,36
1.86,35,-11.19058,-11.19058,36
1.87,35,-12.4147,-12.4147,36
1.88,35,-13.54668,-13.54668,36
1.89,35,-14.60676,-14.60676,36
1.9,35,-15.55044,-15.55044,36
1.91,35,-16.37344,-16.37344,36
1.92,35,-17.07559,-17.07559,36
1.93,35,-17.61801,-17.61801,35
1.94,35,-18.03339,-18.03339,35
1.95,35,-18.31016,-18.31016,35
1.96,35,-18.52751,-18.52751,35
1.97,35,-18.61293,-18.61293,35
1.98,35,-18.6033,-18.6033,35
1.99,35,-18.55179,-18.55179,35
2,35,-18.50173,-18.50173,35
2.01,35,-18.38394,-18.38394,35
2.02,35,-18.07688,-18.07688,35
2.03,35,-17.6238,-17.6238,35
2.04,35,-17.09257,-17.09257,35
2.05,35,-16.50546,-16.50546,35
2.06,35,-15.81279,-15.81279,35
2.07,35,-15.00458,-15.00458,35
2.08,35,-14.1005,-14.1005,35
2.09,35,-13.10758,-13.10758,35
2.1,35,-12.04491,-12.04491,35
2.11,35,-10.92854,-10.92854,35
2.12,35,-9.756242,-9.756242,35
2.13,35,-8.518085,-8.518085,35
2.14,35,-7.20488,-7.20488,35
2.15,35,-5.847302,-5.847302,35
2.16,35,-4.476439,-4.476439,35
2.17,35,-3.105108,-3.105108,35
2.18,35,-1.72614,-1.72614,35
2.19,35,-0.3204782,-0.3204782,35
2.2,35,1.093724,1.093724,35
2.21,35,2.503575,2.503575,35
2.22,35,3.893141,3.893141,35
2.23,35,5.232489,5.232489,35
2.24,35,6.527581,6.527581,35
2.25,35,7.780507,7.780507,35
2.26,35,8.994277,8.994277,35
2.27,35,10.13184,10.13184,36
2.28,35,11.17755,11.17755,36
2.29,35,12.13084,12.13084,36
2.3,35,12.97662,12.97662,36
2.31,35,13.69019,13.69019,36
2.32,35,14.31965,14.31965,36
2.33,35,14.8622,14.8622,36
2.34,35,15.26577,15.26577,36
2.35,35,15.55204,15.55204,36
2.36,35,15.86985,15.86985,36
2.37,35,16.25523,16.25523,36
2.38,35,16.49931,16.49931,36
2.39,35,16.59357,16.59357,36
2.4,35,16.64067,16.64067,36
2.41,35,16.55711,16.55711,36
2.42,35,16.30994,16.30994,36
2.43,35,15.99621,15.99621,36
2.44,35,15.65001,15.65001,36
2.45,35,15.19774,15.19774,36
2.46,35,14.61698,14.61698,36
2.47,35,13.94412,13.94412,36
2.48,35,13.17757,13.17757,36
2.49,35,12.33155,12.33155,36
2.5,35,11.45538,11.45538,36
2.51,35,10.5174,10.5174,36
2.52,35,9.504584,9.504584,36
2.53,35,8.400743,8.400743,36
2.54,35,7.272538,7.272538,36
2.55,35,6.110301,6.110301,36
2.56,35,4.925222,4.925222,36
2.57,35,3.707948,3.707948,36
2.58,35,2.463245,2.463245,36
2.59,35,1.199584,1.199584,36
2.6,35,-0.06260271,-0.06260271,36
2.61,35,-1.310837,-1.310837,36
2.62,35,-2.535709,-2.535709,36
2.63,35,-3.741571,-3.741571,36
2.64,35,-4.929375,-4.929375,36
2.65,35,-6.084208,-6.084208,36
2.66,35,-7.199713,-7.199713,36
2.67,35,-8.263711,-8.263711,36
2.68,35,-9.273576,-9.273576,36
2.69,35,-10.21846,-10.21846,36
2.7,35,-11.09248,-11.09248,36
2.71,35,-11.88923,-11.88923,36
2.72,35,-12.6022,-12.6022,36
2.73,35,-13.23278,-13.23278,36
2.74,35,-13.77017,-13.77017,36
2.75,35,-14.19062,-14.19062,36
2.76,35,-14.49451,-14.49451,36
2.77,35,-14.71412,-14.71412,36
2.78,35,-14.82722,-14.82722,36
2.79,35,-14.85071,-14.85071,36
2.8,35,-14.80742,-14.80742,36
2.81,35,-14.67473,-14.67473,35
2.82,35,-14.45274,-14.45274,35
2.83,35,-14.15246,-14.15246,35
2.84,35,-13.78528,-13.78528,35
2.85,35,-13.35184,-13.35184,35
2.86,35,-12.85447,-12.85447,35
2.87,35,-12.2852,-12.2852,35
2.88,35,-11.63348,-11.63348,35
2.89,35,-10.91332,-10.91332,35
2.9,35,-10.12241,-10.12241,35
2.91,35,-9.276147,-9.276147,35
2.92,35,-8.388916,-8.388916,35
2.93,35,-7.454675,-7.454675,35
2.94,35,-6.468454,-6.468454,35
2.95,35,-5.429137,-5.429137,35
2.96,35,-4.356526,-4.356526,35
2.97,35,-3.275454,-3.275454,35
2.98,35,-2.19144,-2.19144,35
2.99,35,-1.078751,-1.078751,35
3,35,0.04522927,0.04522927,35
3.01,35,1.175619,1.175619,35
3.02,35,2.287156,2.287156,35
3.03,35,3.376648,3.376648,35
3.04,35,4.436172,4.436172,35
3.05,35,5.468729,5.468729,35
3.06,35,6.465801,6.465801,36
3.07,35,7.414693,7.414693,36
3.08,35,8.31978,8.31978,36
3.09,35,9.17077,9.17077,36
3.1,35,9.947141,9.947141,36
3.11,35,10.63425,10.63425,36
3.12,35,11.24892,11.24892,36
3.13,35,11.78016,11.78016,36
3.14,35,12.19759,12.19759,36
3.15,35,12.52646,12.52646,36
3.16,35,12.78086,12.78086,36
3.17,35,12.92489,12.92489,36
3.18,35,13.03311,13.03311,36
3.19,35,13.15824,13.15824,36
3.2,35,13.27299,13.27299,36
3.21,35,13.27832,13.27832,36
3.22,35,13.19225,13.19225,36
3.23,35,13.02937,13.02937,36
3.24,35,12.77057,12.77057,36
3.25,35,12.41216,12.41216,36
3.26,35,12.01101,12.01101,36
3.27,35,11.57208,11.57208,36
3.28,35,11.05122,11.05122,36
3.29,35,10.43449,10.43449,36
3.3,35,9.766424,9.766424,36
3.31,35,9.031505,9.031505,36
3.32,35,8.25518,8.25518,36
3.33,35,7.446781,7.446781,36
3.34,35,6.597943,6.597943,36
3.35,35,5.683689,5.683689,36
3.36,35,4.738014,4.738014,36
3.37,35,3.78176,3.78176,36
3.38,35,2.810552,2.810552,36
3.39,35,1.825788,1.825788,36
3.4,35,0.8342384,0.8342384,36
3.41,35,-0.165223,-0.165223,36
3.42,35,-1.15827,-1.15827,36
3.43,35,-2.12914,-2.12914,36
3.44,35,-3.083118,-3.083118,36
3.45,35,-4.012077,-4.012077,36
3.46,35,-4.924725,-4.924725,36
3.47,35,-5.797101,-5.797101,36
3.48,35,-6.626019,-6.626019,36
3.49,35,-7.405165,-7.405165,36
3.5,35,-8.138805,-8.138805,36
3.51,35,-8.815371,-8.815371,36
3.52,35,-9.428899,-9.428899,36
3.53,35,-9.978131,-9.978131,36
3.54,35,-10.46383,-10.46383,36
3.55,35,-10.87792,-10.87792,36
3.56,35,-11.22873,-11.22873,36
3.57,35,-11.49959,-11.49959,36
3.58,35,-11.68884,-11.68884,36
3.59,35,-11.79983,-11.79983,36
3.6,35,-11.83354,-11.83354,36
3.61,35,-11.79237,-11.79237,36
3.62,35,-11.67297,-11.67297,36
3.63,35,-11.4758,-11.4758,36
3.64,35,-11.19933,-11.19933,36
3.65,35,-10.86256,-10.86256,36
3.66,35,-10.47712,-10.47712,36
3.67,35,-10.03961,-10.03961,36
3.68,35,-9.547528,-9.547528,36
3.69,35,-8.997259,-8.997259,36
3.7,35,-8.399797,-8.399797,36
3.71,35,-7.749707,-7.749707,36
3.72,35,-7.052519,-7.052519,36
3.73,35,-6.310956,-6.310956,36
3.74,35,-5.53917,-5.53917,36
3.75,35,-4.733629,-4.733629,36
3.76,35,-3.893183,-3.893183,36
3.77,35,-3.037816,-3.037816,36
3.78,35,-2.162491,-2.162491,36
3.79,35,-1.273899,-1.273899,36
3.8,35,-0.3813257,-0.3813257,36
3.81,35,0.5134732,0.5134732,36
3.82,35,1.403637,1.403637,36
3.83,35,2.280813,2.280813,36
3.84,35,3.144345,3.144345,36
3.85,35,3.988363,3.988363,36
3.86,35,4.802896,4.802896,36
3.87,35,5.583918,5.583918,36
3.88,35,6.323277,6.323277,36
3.89,35,7.019782,7.019782,36
3.9,35,7.674426,7.674426,36
3.91,35,8.274637,8.274637,36
3.92,35,8.823512,8.823512,36
3.93,35,9.309171,9.309171,36
3.94,35,9.726272,9.726272,36
3.95,35,10.07686,10.07686,36
3.96,35,10.35922,10.35922,36
3.97,35,10.55903,10.55903,36
3.98,35,10.62751,10.62751,36
3.99,35,10.63825,10.63825,36
4,35,10.7024,10.7024,36
4.01,35,10.75193,10.75193,36
4.02,35,10.68479,10.68479,36
4.03,35,10.56046,10.56046,36
4.04,35,10.40221,10.40221,36
4.05,35,10.12008,10.12008,36
4.06,35,9.768632,9.768632,36
4.07,35,9.42226,9.42226,36
4.08,35,9.03479,9.03479,36
4.09,35,8.555017,8.555017,36
4.1,35,8.024115,8.024115,36
4.11,35,7.438017,7.438017,36
4.12,35,6.807379,6.807379,36
4.13,35,6.154933,6.154933,36
4.14,35,5.484504,5.484504,36
4.15,35,4.774438,4.774438,36
4.16,35,4.012454,4.012454,36
4.17,35,3.235406,3.235406,36
4.18,35,2.459199,2.459199,36
4.19,35,1.678045,1.678045,36
4.2,35,0.8898504,0.8898504,36
4.21,35,0.08937099,0.08937099,36
4.22,35,-0.709014,-0.709014,36
4.23,35,-1.501525,-1.501525,36
4.24,35,-2.268046,-2.268046,36
4.25,35,-3.011408,-3.011408,36
4.26,35,-3.737094,-3.737094,36
4.27,35,-4.436105,-4.436105,36
4.28,35,-5.107314,-5.107314,36
4.29,35,-5.742824,-5.742824,36
4.3,35,-6.336534,-6.336534,36
4.31,35,-6.885534,-6.885534,36
4.32,35,-7.38711,-7.38711,36
4.33,35,-7.840597,-7.840597,36
4.34,35,-8.236231,-8.236231,36
4.35,35,-8.576097,-8.576097,36
4.36,35,-8.85885,-8.85885,36
4.37,35,-9.08619,-9.08619,36
4.38,35,-9.255682,-9.255682,36
4.39,35,-9.364636,-9.364636,36
4.4,35,-9.40834,-9.40834,36
4.41,35,-9.39607,-9.39607,36
4.42,35,-9.31944,-9.31944,36
4.43,35,-9.189601,-9.189601,36
4.44,35,-9.007258,-9.007258,36
4.45,35,-8.768704,-8.768704,36
4.46,35,-8.472323,-8.472323,36
4.47,35,-8.124187,-8.124187,36
4.48,35,-7.726139,-7.726139,36
4.49,35,-7.286957,-7.286957,36
4.5,35,-6.809747,-6.809747,36
4.51,35,-6.289278,-6.289278,36
4.52,35,-5.724129,-5.724129,36
4.53,35,-5.126798,-5.126798,36
4.54,35,-4.499407,-4.499407,36
4.55,35,-3.84378,-3.84378,36
4.56,35,-3.168758,-3.168758,36
4.57,35,-2.475531,-2.475531,36
4.58,35,-1.762561,-1.762561,36
4.59,35,-1.042299,-1.042299,36
4.6,35,-0.3211719,-0.3211719,36
4.61,35,0.3996707,0.3996707,36
4.62,35,1.12379,1.12379,36
4.63,35,1.832935,1.832935,36
4.64,35,2.528769,2.528769,36
4.65,35,3.208625,3.208625,36
4.66,35,3.861306,3.861306,36
4.67,35,4.494152,4.494152,36
4.68,35,5.097234,5.097234,36
4.69,35,5.660724,5.660724,36
4.7,35,6.186816,6.186816,36
4.71,35,6.666089,6.666089,36
4.72,35,7.108494,7.108494,36
4.73,35,7.504539,7.504539,36
4.74,35,7.858459,7.858459,36
4.75,35,8.157413,8.157413,36
4.76,35,8.397079,8.397079,36
4.77,35,8.587282,8.587282,36
4.78,35,8.726935,8.726935,36
4.79,35,8.820231,8.820231,36
4.8,35,8.857086,8.857086,36
4.81,35,8.838364,8.838364,36
4.82,35,8.767847,8.767847,36
4.83,35,8.644616,8.644616,36
4.84,35,8.474127,8.474127,36
4.85,35,8.25955,8.25955,36
4.86,35,7.994844,7.994844,36
4.87,35,7.675364,7.675364,36
4.88,35,7.310226,7.310226,36
4.89,35,6.908148,6.908148,36
4.9,35,6.468554,6.468554,36
4.91,35,5.993965,5.993965,36
4.92,35,5.485672,5.485672,36
4.93,35,4.939793,4.939793,36
4.94,35,4.368599,4.368599,36
4.95,35,3.776619,3.776619,36
4.96,35,3.161701,3.161701,36
4.97,35,2.538009,2.538009,36
4.98,35,1.898018,1.898018,36
4.99,35,1.246761,1.246761,36
5,35,0.5942787,0.5942787,36
5.01,35,-0.05539858,-0.05539858,36
5.02,35,-0.6961842,-0.6961842,36
5.03,35,-1.328612,-1.328612,36
5.04,35,-1.946605,-1.946605,36
5.05,35,-2.547755,-2.547755,36
5.06,35,-3.13666,-3.13666,36
5.07,35,-3.701223,-3.701223,36
5.08,35,-4.229647,-4.229647,36
5.09,35,-4.727506,-4.727506,36
5.1,35,-5.191819,-5.191819,36
5.11,35,-5.626874,-5.626874,36
5.12,35,-6.024966,-6.024966,36
5.13,35,-6.3818,-6.3818,36
5.14,35,-6.692356,-6.692356,36
5.15,35,-6.957673,-6.957673,36
5.16,35,-7.174023,-7.174023,36
5.17,35,-7.342251,-7.342251,36
5.18,35,-7.460508,-7.460508,36
5.19,35,-7.531117,-7.531117,36
5.2,35,-7.559272,-7.559272,36
5.21,35,-7.536691,-7.536691,36
5.22,35,-7.462721,-7.462721,36
5.23,35,-7.342817,-7.342817,36
5.24,35,-7.176486,-7.176486,36
5.25,35,-6.965738,-6.965738,36
5.26,35,-6.712457,-6.712457,36
5.27,35,-6.422345,-6.422345,36
5.28,35,-6.086915,-6.086915,36
5.29,35,-5.715291,-5.715291,36
5.3,35,-5.308512,-5.308512,36
5.31,35,-4.870155,-4.870155,36
5.32,35,-4.404651,-4.404651,36
5.33,35,-3.915323,-3.915323,36
5.34,35,-3.399083,-3.399083,36
5.35,35,-2.86306,-2.86306,36
5.36,35,-2.310338,-2.310338,36
5.37,35,-1.744332,-1.744332,36
5.38,35,-1.170012,-1.170012,36
5.39,35,-0.592792,-0.592792,36
5.4,35,-0.009356864,-0.009356864,36
5.41,35,0.5707781,0.5707781,36
5.42,35,1.146476,1.146476,36
5.43,35,1.713181,1.713181,36
5.44,35,2.27122,2.27122,36
5.45,35,2.811359,2.811359,36
5.46,35,3.331443,3.331443,36
5.47,35,3.832468,3.832468,36
5.48,35,4.30236,4.30236,36
5.49,35,4.74242,4.74242,36
5.5,35,5.161806,5.161806,36
5.51,35,5.542108,5.542108,36
5.52,35,5.883643,5.883643,36
5.53,35,6.184434,6.184434,36
5.54,35,6.44335,6.44335,36
5.55,35,6.666418,6.666418,36
5.56,35,6.850749,6.850749,36
5.57,35,6.988563,6.988563,36
5.58,35,7.082375,7.082375,36
5.59,35,7.128777,7.128777,36
5.6,35,7.134193,7.134193,36
5.61,35,7.097243,7.097243,36
5.62,35,7.021819,7.021819,36
5.63,35,6.90112,6.90112,36
5.64,35,6.744694,6.744694,36
5.65,35,6.541348,6.541348,36
5.66,35,6.307127,6.307127,36
5.67,35,6.033157,6.033157,36
5.68,35,5.725267,5.725267,36
5.69,35,5.385064,5.385064,36
5.7,35,5.010101,5.010101,36
5.71,35,4.6134,4.6134,36
5.72,35,4.193955,4.193955,36
5.73,35,3.754459,3.754459,36
5.74,35,3.287555,3.287555,36
5.75,35,2.804312,2.804312,36
5.76,35,2.30614,2.30614,36
5.77,35,1.800445,1.800445,36
5.78,35,1.288021,1.288021,36
5.79,35,0.7725569,0.7725569,36
5.8,35,0.2604415,0.2604415,36
5.81,35,-0.2549138,-0.2549138,36
5.82,35,-0.763043,-0.763043,36
5.83,35,-1.266358,-1.266358,36
5.84,35,-1.757731,-1.757731,36
5.85,35,-2.230915,-2.230915,36
5.86,35,-2.682019,-2.682019,36
5.87,35,-3.121172,-3.121172,36
5.88,35,-3.536548,-3.536548,36
5.89,35,-3.926213,-3.926213,36
5.9,35,-4.283792,-4.283792,36
5.91,35,-4.612901,-4.612901,36
5.92,35,-4.90721,-4.90721,36
5.93,35,-5.163072,-5.163072,36
5.94,35,-5.38446,-5.38446,36
5.95,35,-5.574721,-5.574721,36
5.96,35,-5.728682,-5.728682,36
5.97,35,-5.840952,-5.840952,36
5.98,35,-5.90796,-5.90796,36
5.99,35,-5.938628,-5.938628,36
6,35,-5.927999,-5.927999,36
6.01,35,-5.885891,-5.885891,36
6.02,35,-5.806186,-5.806186,36
6.03,35,-5.692533,-5.692533,36
6.04,35,-5.542544,-5.542544,36
6.05,35,-5.358825,-5.358825,36
6.06,35,-5.13544,-5.13544,36
6.07,35,-4.889203,-4.889203,36
6.08,35,-4.604386,-4.604386,36
6.09,35,-4.294134,-4.294134,36
6.1,35,-3.953565,-3.953565,36
6.11,35,-3.588341,-3.588341,36
6.12,35,-3.199425,-3.199425,36
6.13,35,-2.800454,-2.800454,36
6.14,35,-2.382601,-2.382601,36
6.15,35,-1.957762,-1.957762,36
6.16,35,-1.514798,-1.514798,36
6.17,35,-1.063245,-1.063245,36
6.18,35,-0.6080565,-0.6080565,36
6.19,35,-0.1503661,-0.1503661,36
6.2,35,0.3071828,0.3071828,36
6.21,35,0.7605505,0.7605505,36
6.22,35,1.211201,1.211201,36
6.23,35,1.647067,1.647067,36
6.24,35,2.072757,2.072757,36
6.25,35,2.484919,2.484919,36
6.26,35,2.88536,2.88536,36
6.27,35,3.263262,3.263262,36
6.28,35,3.621398,3.621398,36
6.29,35,3.949484,3.949484,36
6.3,35,4.254583,4.254583,36
6.31,35,4.534266,4.534266,36
6.32,35,4.789767,4.789767,36
6.33,35,5.009347,5.009347,36
6.34,35,5.194403,5.194403,36
6.35,35,5.349625,5.349625,36
6.36,35,5.465494,5.465494,36
6.37,35,5.553569,5.553569,36
6.38,35,5.604157,5.604157,36
6.39,35,5.614249,5.614249,36
6.4,35,5.593766,5.593766,36
6.41,35,5.531896,5.531896,36
6.42,35,5.445229,5.445229,36
6.43,35,5.333163,5.333163,36
6.44,35,5.183156,5.183156,36
6.45,35,5.010382,5.010382,36
6.46,35,4.806351,4.806351,36
6.47,35,4.568564,4.568564,36
6.48,35,4.30939,4.30939,36
6.49,35,4.026027,4.026027,36
6.5,35,3.727728,3.727728,36
6.51,35,3.404379,3.404379,36
6.52,35,3.059233,3.059233,36
6.53,35,2.70301,2.70301,36
6.54,35,2.3379,2.3379,36
6.55,35,1.954312,1.954312,36
6.56,35,1.56355,1.56355,36
6.57,35,1.163227,1.163227,36
6.58,35,0.7641192,0.7641192,36
6.59,35,0.366149,0.366149,36
6.6,35,-0.03017467,-0.03017467,36
6.61,35,-0.421936,-0.421936,36
6.62,35,-0.8083951,-0.8083951,36
6.63,35,-1.186782,-1.186782,36
6.64,35,-1.551466,-1.551466,36
6.65,35,-1.90633,-1.90633,36
6.66,35,-2.253029,-2.253029,36
6.67,35,-2.573488,-2.573488,36
6.68,35,-2.870916,-2.870916,36
6.69,35,-3.145702,-3.145702,36
6.7,35,-3.399194,-3.399194,36
6.71,35,-3.625425,-3.625425,36
6.72,35,-3.83064,-3.83064,36
6.73,35,-4.007647,-4.007647,36
6.74,35,-4.157522,-4.157522,36
6.75,35,-4.271561,-4.271561,36
6.76,35,-4.360199,-4.360199,36
6.77,35,-4.420931,-4.420931,36
6.78,35,-4.449699,-4.449699,36
6.79,35,-4.448851,-4.448851,36
6.8,35,-4.421533,-4.421533,36
6.81,35,-4.361839,-4.361839,36
6.82,35,-4.27049,-4.27049,36
6.83,35,-4.155825,-4.155825,36
6.84,35,-4.014502,-4.014502,36
6.85,35,-3.84807,-3.84807,36
6.86,35,-3.656274,-3.656274,36
6.87,35,-3.441356,-3.441356,36
6.88,35,-3.204836,-3.204836,36
6.89,35,-2.953936,-2.953936,36
6.9,35,-2.681959,-2.681959,36
6.91,35,-2.393766,-2.393766,36
6.92,35,-2.091014,-2.091014,36
6.93,35,-1.770772,-1.770772,36
6.94,35,-1.44165,-1.44165,36
6.95,35,-1.112387,-1.112387,36
6.96,35,-0.7749792,-0.7749792,36
6.97,35,-0.4347928,-0.4347928,36
6.98,35,-0.08537969,-0.08537969,36
6.99,35,0.2570769,0.2570769,36
7,35,0.6017348,0.6017348,36
7.01,35,0.9427376,0.9427376,36
7.02,35,1.278585,1.278585,36
7.03,35,1.602538,1.602538,36
7.04,35,1.916385,1.916385,36
7.05,35,2.215818,2.215818,36
7.06,35,2.497761,2.497761,36
7.07,35,2.765488,2.765488,36
7.08,35,3.017702,3.017702,36
7.09,35,3.250787,3.250787,36
7.1,35,3.460761,3.460761,36
7.11,35,3.642191,3.642191,36
7.12,35,3.806177,3.806177,36
7.13,35,3.950315,3.950315,36
7.14,35,4.066616,4.066616,36
7.15,35,4.148566,4.148566,36
7.16,35,4.206007,4.206007,36
7.17,35,4.237175,4.237175,36
7.18,35,4.246591,4.246591,36
7.19,35,4.228266,4.228266,36
7.2,35,4.186928,4.186928,36
7.21,35,4.120204,4.120204,36
7.22,35,4.03108,4.03108,36
7.23,35,3.919057,3.919057,36
7.24,35,3.787708,3.787708,36
7.25,35,3.632452,3.632452,36
7.26,35,3.458704,3.458704,36
7.27,35,3.263095,3.263095,36
7.28,35,3.048272,3.048272,36
7.29,35,2.821124,2.821124,36
7.3,35,2.576471,2.576471,36
7.31,35,2.320436,2.320436,36
7.32,35,2.05628,2.05628,36
7.33,35,1.78294,1.78294,36
7.34,35,1.496927,1.496927,36
7.35,35,1.208774,1.208774,36
7.36,35,0.9196698,0.9196698,36
7.37,35,0.6243078,0.6243078,36
7.38,35,0.3314324,0.3314324,36
7.39,35,0.03772041,0.03772041,36
7.4,35,-0.2504977,-0.2504977,36
7.41,35,-0.5313584,-0.5313584,36
7.42,35,-0.8110978,-0.8110978,36
7.43,35,-1.082425,-1.082425,36
7.44,35,-1.341446,-1.341446,36
7.45,35,-1.587719,-1.587719,36
7.46,35,-1.817323,-1.817323,36
7.47,35,-2.02916,-2.02916,36
7.48,35,-2.230663,-2.230663,36
7.49,35,-2.418154,-2.418154,36
7.5,35,-2.583431,-2.583431,36
7.51,35,-2.725111,-2.725111,36
7.52,35,-2.844028,-2.844028,36
7.53,35,-2.943926,-2.943926,36
7.54,35,-3.028017,-3.028017,36
7.55,35,-3.087605,-3.087605,36
7.56,35,-3.122488,-3.122488,36
7.57,35,-3.138659,-3.138659,36
7.58,35,-3.131855,-3.131855,36
7.59,35,-3.099395,-3.099395,36
7.6,35,-3.053118,-3.053118,36
7.61,35,-2.98618,-2.98618,36
7.62,35,-2.895417,-2.895417,36
7.63,35,-2.788876,-2.788876,36
7.64,35,-2.665923,-2.665923,36
7.65,35,-2.52734,-2.52734,36
7.66,35,-2.370832,-2.370832,36
7.67,35,-2.197989,-2.197989,36
7.68,35,-2.012832,-2.012832,36
7.69,35,-1.812155,-1.812155,36
7.7,35,-1.601543,-1.601543,36
7.71,35,-1.386619,-1.386619,36
7.72,35,-1.161517,-1.161517,36
7.73,35,-0.9256762,-0.9256762,36
7.74,35,-0.6860141,-0.6860141,36
7.75,35,-0.4455707,-0.4455707,36
7.76,35,-0.1995253,-0.1995253,36
7.77,35,0.04525796,0.04525796,36
7.78,35,0.2894246,0.2894246,36
7.79,35,0.5246617,0.5246617,36
7.8,35,0.763244,0.763244,36
7.81,35,0.9978092,0.9978092,36
7.82,35,1.224798,1.224798,36
7.83,35,1.445149,1.445149,36
7.84,35,1.656609,1.656609,36
7.85,35,1.855247,1.855247,36
7.86,35,2.040645,2.040645,36
7.87,35,2.212856,2.212856,36
7.88,35,2.365478,2.365478,36
7.89,35,2.505527,2.505527,36
7.9,35,2.629795,2.629795,36
7.91,35,2.734856,2.734856,36
7.92,35,2.8227,2.8227,36
7.93,35,2.897875,2.897875,36
7.94,35,2.949715,2.949715,36
7.95,35,2.9858,2.9858,36
7.96,35,3.001391,3.001391,36
7.97,35,2.995928,2.995928,36
7.98,35,2.973653,2.973653,36
7.99,35,2.939024,2.939024,36
8,35,2.885859,2.885859,36
8.01,35,2.818687,2.818687,36
8.02,35,2.735713,2.735713,36
8.03,35,2.629685,2.629685,36
8.04,35,2.51366,2.51366,36
8.05,35,2.384962,2.384962,36
8.06,35,2.245665,2.245665,36
8.07,35,2.09252,2.09252,36
8.08,35,1.931275,1.931275,36
8.09,35,1.761545,1.761545,36
8.1,35,1.580377,1.580377,36
8.11,35,1.394364,1.394364,36
8.12,35,1.203148,1.203148,36
8.13,35,1.010503,1.010503,36
8.14,35,0.8168249,0.8168249,36
8.15,35,0.6227358,0.6227358,36
8.16,35,0.4215039,0.4215039,36
8.17,35,0.2194741,0.2194741,36
8.18,35,0.02172785,0.02172785,36
8.19,35,-0.1734632,-0.1734632,36
8.2,35,-0.362813,-0.362813,36
8.21,35,-0.5474071,-0.5474071,36
8.22,35,-0.7279447,-0.7279447,36
8.23,35,-0.895947,-0.895947,36
8.24,35,-1.059662,-1.059662,36
8.25,35,-1.210387,-1.210387,36
8.26,35,-1.352954,-1.352954,36
8.27,35,-1.480375,-1.480375,36
8.28,35,-1.593566,-1.593566,36
8.29,35,-1.695147,-1.695147,36
8.3,35,-1.779262,-1.779262,36
8.31,35,-1.851153,-1.851153,36
8.32,35,-1.909013,-1.909013,36
8.33,35,-1.952645,-1.952645,36
8.34,35,-1.982804,-1.982804,36
8.35,35,-1.99813,-1.99813,36
8.36,35,-1.994956,-1.994956,36
8.37,35,-1.979751,-1.979751,36
8.38,35,-1.945381,-1.945381,36
8.39,35,-1.904331,-1.904331,36
8.4,35,-1.846746,-1.846746,36
8.41,35,-1.779792,-1.779792,36
8.42,35,-1.698429,-1.698429,36
8.43,35,-1.607341,-1.607341,36
8.44,35,-1.5052,-1.5052,36
8.45,35,-1.395851,-1.395851,36
8.46,35,-1.273738,-1.273738,36
8.47,35,-1.146262,-1.146262,36
8.48,35,-1.009123,-1.009123,36
8.49,35,-0.8636989,-0.8636989,36
8.5,35,-0.7138614,-0.7138614,36
8.51,35,-0.562937,-0.562937,36
8.52,35,-0.4074088,-0.4074088,36
8.53,35,-0.2505299,-0.2505299,36
8.54,35,-0.09361786,-0.09361786,36
8.55,35,0.06253952,0.06253952,36
8.56,35,0.2214424,0.2214424,36
8.57,35,0.3812115,0.3812115,36
8.58,35,0.5359798,0.5359798,36
8.59,35,0.6776073,0.6776073,36
8.6,35,0.8208399,0.8208399,36
8.61,35,0.9610795,0.9610795,36
8.62,35,1.091528,1.091528,36
8.63,35,1.218674,1.218674,36
8.64,35,1.334661,1.334661,36
8.65,35,1.44103,1.44103,36
8.66,35,1.539567,1.539567,36
8.67,35,1.62987,1.62987,36
8.68,35,1.706134,1.706134,36
8.69,35,1.778802,1.778802,36
8.7,35,1.830999,1.830999,36
8.71,35,1.872988,1.872988,36
8.72,35,1.901565,1.901565,36
8.73,35,1.918098,1.918098,36
8.74,35,1.922162,1.922162,36
8.75,35,1.917748,1.917748,36
8.76,35,1.9025,1.9025,36
8.77,35,1.878414,1.878414,36
8.78,35,1.838868,1.838868,36
8.79,35,1.789563,1.789563,36
8.8,35,1.730862,1.730862,36
8.81,35,1.665872,1.665872,36
8.82,35,1.58961,1.58961,36
8.83,35,1.509418,1.509418,36
8.84,35,1.423444,1.423444,36
8.85,35,1.330289,1.330289,36
8.86,35,1.227842,1.227842,36
8.87,35,1.123763,1.123763,36
8.88,35,1.013549,1.013549,36
8.89,35,0.9045244,0.9045244,36
8.9,35,0.7890972,0.7890972,36
8.91,35,0.6773876,0.6773876,36
8.92,35,0.5564697,0.5564697,36
8.93,35,0.4335988,0.4335988,36
8.94,35,0.3125511,0.3125511,36
8.95,35,0.1951084,0.1951084,36
8.96,35,0.07228924,0.07228924,36
8.97,35,-0.03452136,-0.03452136,36
8.98,35,-0.1454663,-0.1454663,36
8.99,35,-0.2513759,-0.2513759,36
9,35,-0.3539605,-0.3539605,36
9.01,35,-0.4524229,-0.4524229,36
9.02,35,-0.5460217,-0.5460217,36
9.03,35,-0.634699,-0.634699,36
9.04,35,-0.710566,-0.710566,36
9.05,35,-0.7879512,-0.7879512,36
9.06,35,-0.8532509,-0.8532509,36
9.07,35,-0.9006296,-0.9006296,36
9.08,35,-0.9454876,-0.9454876,36
9.09,35,-0.9806968,-0.9806968,36
9.1,35,-1.010147,-1.010147,36
9.11,35,-1.027182,-1.027182,36
9.12,35,-1.032961,-1.032961,36
9.13,35,-1.032137,-1.032137,36
9.14,35,-1.021736,-1.021736,36
9.15,35,-1.007239,-1.007239,36
9.16,35,-0.9881209,-0.9881209,36
9.17,35,-0.9609896,-0.9609896,36
9.18,35,-0.924871,-0.924871,36
9.19,35,-0.8808476,-0.8808476,36
9.2,35,-0.8295662,-0.8295662,36
9.21,35,-0.7731475,-0.7731475,36
9.22,35,-0.7123744,-0.7123744,36
9.23,35,-0.6448557,-0.6448557,36
9.24,35,-0.5716658,-0.5716658,36
9.25,35,-0.4970895,-0.4970895,36
9.26,35,-0.4241079,-0.4241079,36
9.27,35,-0.3419715,-0.3419715,36
9.28,35,-0.2584094,-0.2584094,36
9.29,35,-0.1769834,-0.1769834,36
9.3,35,-0.08767704,-0.08767704,36
9.31,35,0.0007210452,0.0007210452,36
9.32,35,0.08408167,0.08408167,36
9.33,35,0.1694809,0.1694809,36
9.34,35,0.251997,0.251997,36
9.35,35,0.3389508,0.3389508,36
9.36,35,0.4171268,0.4171268,36
9.37,35,0.4911687,0.4911687,36
9.38,35,0.5625796,0.5625796,36
9.39,35,0.6336892,0.6336892,36
9.4,35,0.7012362,0.7012362,36
9.41,35,0.7669848,0.7669848,36
9.42,35,0.8237939,0.8237939,36
9.43,35,0.8742509,0.8742509,36
9.44,35,0.9162914,0.9162914,36
9.45,35,0.9534864,0.9534864,36
9.46,35,0.9898629,0.9898629,36
9.47,35,1.018619,1.018619,36
9.48,35,1.039458,1.039458,36
9.49,35,1.059712,1.059712,36
9.5,35,1.068579,1.068579,36
9.51,35,1.064351,1.064351,36
9.52,35,1.060648,1.060648,36
9.53,35,1.049285,1.049285,36
9.54,35,1.037082,1.037082,36
9.55,35,1.018698,1.018698,36
9.56,35,0.9939883,0.9939883,36
9.57,35,0.9673603,0.9673603,36
9.58,35,0.9351043,0.9351043,36
9.59,35,0.8990365,0.8990365,36
9.6,35,0.8533692,0.8533692,36
9.61,35,0.8049415,0.8049415,36
9.62,35,0.7547395,0.7547395,36
9.63,35,0.7069362,0.7069362,36
9.64,35,0.6546487,0.6546487,36
9.65,35,0.5994825,0.5994825,36
9.66,35,0.5440039,0.5440039,36
9.67,35,0.4853799,0.4853799,36
9.68,35,0.4321529,0.4321529,36
9.69,35,0.3715546,0.3715546,36
9.7,35,0.3186014,0.3186014,36
9.71,35,0.2648357,0.2648357,36
9.72,35,0.2067554,0.2067554,36
9.73,35,0.1509722,0.1509722,36
9.74,35,0.09662329,0.09662329,36
9.75,35,0.04339739,0.04339739,36
9.76,35,-0.006989469,-0.006989469,36
9.77,35,-0.04926751,-0.04926751,36
9.78,35,-0.091336,-0.091336,36
9.79,35,-0.1300139,-0.1300139,36
9.8,35,-0.1649865,-0.1649865,36
9.81,35,-0.2032985,-0.2032985,36
9.82,35,-0.2324439,-0.2324439,36
9.83,35,-0.2586291,-0.2586291,36
9.84,35,-0.2754558,-0.2754558,36
9.85,35,-0.2923494,-0.2923494,36
9.86,35,-0.3037235,-0.3037235,36
9.87,35,-0.3167229,-0.3167229,36
9.88,35,-0.3182882,-0.3182882,36
9.89,35,-0.3142635,-0.3142635,36
9.9,35,-0.3111756,-0.3111756,36
9.91,35,-0.3034668,-0.3034668,36
9.92,35,-0.2942883,-0.2942883,36
9.93,35,-0.2820014,-0.2820014,36
9.94,35,-0.2612401,-0.2612401,36
9.95,35,-0.2430296,-0.2430296,36
9.96,35,-0.2239548,-0.2239548,36
9.97,35,-0.1993834,-0.1993834,36
9.98,35,-0.1711612,-0.1711612,36
9.99,35,-0.1423136,-0.1423136,36
10,35,-0.1148574,-0.1148574,36
10.01,35,-0.07960225,-0.07960225,36
10.02,35,-0.04895211,-0.04895211,36
10.03,35,-0.01912379,-0.01912379,36
10.04,35,0.0158247,0.0158247,36
10.05,35,0.05060536,0.05060536,36
10.06,35,0.08404588,0.08404588,36
10.07,35,0.1149073,0.1149073,36
10.08,35,0.1489851,0.1489851,36
10.09,35,0.1826243,0.1826243,36
10.1,35,0.214502,0.214502,36
10.11,35,0.2459758,0.2459758,36
10.12,35,0.2809811,0.2809811,36
10.13,35,0.3016921,0.3016921,36
10.14,35,0.3255302,0.3255302,36
10.15,35,0.3493009,0.3493009,36
10.16,35,0.3774268,0.3774268,36
10.17,35,0.4019511,0.4019511,36
10.18,35,0.4227512,0.4227512,36
10.19,35,0.4332074,0.4332074,36
10.2,35,0.4484685,0.4484685,36
10.21,35,0.4563896,0.4563896,36
10.22,35,0.4653778,0.4653778,36
10.23,35,0.4691855,0.4691855,36
10.24,35,0.4751966,0.4751966,36
10.25,35,0.4741107,0.4741107,36
10.26,35,0.4707924,0.4707924,36
10.27,35,0.4661977,0.4661977,36
10.28,35,0.4646253,0.4646253,36
10.29,35,0.4615116,0.4615116,36
10.3,35,0.4562666,0.4562666,36
10.31,35,0.4476127,0.4476127,36
10.32,35,0.4424451,0.4424451,36
10.33,35,0.4377622,0.4377622,36
10.34,35,0.4258193,0.4258193,36
10.35,35,0.4137784,0.4137784,36
10.36,35,0.4012222,0.4012222,36
10.37,35,0.3907501,0.3907501,36
10.38,35,0.3792666,0.3792666,36
10.39,35,0.3647411,0.3647411,36
10.4,35,0.3534586,0.3534586,36
10.41,35,0.33724,0.33724,36
10.42,35,0.3213452,0.3213452,36
10.43,35,0.3038307,0.3038307,36
10.44,35,0.2909617,0.2909617,36
10.45,35,0.282044,0.282044,36
10.46,35,0.27424,0.27424,36
10.47,35,0.2655704,0.2655704,36
10.48,35,0.2565074,0.2565074,36
10.49,35,0.2481352,0.2481352,36
10.5,35,0.2414597,0.2414597,36
10.51,35,0.2372754,0.2372754,36
10.52,35,0.2327464,0.2327464,36
10.53,35,0.2235187,0.2235187,36
10.54,35,0.2178892,0.2178892,36
10.55,35,0.2108656,0.2108656,36
10.56,35,0.205257,0.205257,36
10.57,35,0.2063926,0.2063926,36
10.58,35,0.2055437,0.2055437,36
10.59,35,0.2040559,0.2040559,36
10.6,35,0.1996861,0.1996861,36
10.61,35,0.2002984,0.2002984,36
10.62,35,0.2047679,0.2047679,36
10.63,35,0.2079902,0.2079902,36
10.64,35,0.2085537,0.2085537,36
10.65,35,0.2108254,0.2108254,36
10.66,35,0.2132894,0.2132894,36
10.67,35,0.2159584,0.2159584,36
10.68,35,0.2188306,0.2188306,36
10.69,35,0.2224879,0.2224879,36
10.7,35,0.2260035,0.2260035,36
10.71,35,0.2270113,0.2270113,36
10.72,35,0.2267098,0.2267098,36
10.73,35,0.2268258,0.2268258,36
10.74,35,0.225792,0.225792,36
10.75,35,0.225454,0.225454,36
10.76,35,0.2262746,0.2262746,36
10.77,35,0.2222115,0.2222115,36
10.78,35,0.2220007,0.2220007,36
10.79,35,0.220629,0.220629,36
10.8,35,0.2161963,0.2161963,36
10.81,35,0.2165731,0.2165731,36
10.82,35,0.212956,0.212956,36
10.83,35,0.2104458,0.2104458,36
10.84,35,0.2088886,0.2088886,36
10.85,35,0.2119264,0.2119264,36
10.86,35,0.2137447,0.2137447,36
10.87,35,0.214508,0.214508,36
10.88,35,0.2200773,0.2200773,36
10.89,35,0.2192087,0.2192087,36
10.9,35,0.2183838,0.2183838,36
10.91,35,0.2184173,0.2184173,36
10.92,35,0.2141604,0.2141604,36
10.93,35,0.2136331,0.2136331,36
10.94,35,0.2139284,0.2139284,36
10.95,35,0.2146692,0.2146692,36
10.96,35,0.2128471,0.2128471,36
10.97,35,0.2117693,0.2117693,36
10.98,35,0.21202,0.21202,36
10.99,35,0.2118015,0.2118015,36
11,35,0.2124561,0.2124561,36
11.01,35,0.2074013,0.2074013,36
11.02,35,0.2067644,0.2067644,36
11.03,35,0.2065905,0.2065905,36
11.04,35,0.2030032,0.2030032,36
11.05,35,0.2025329,0.2025329,36
11.06,35,0.2035047,0.2035047,36
11.07,35,0.203151,0.203151,36
11.08,35,0.1995242,0.1995242,36
11.09,35,0.1999923,0.1999923,36
11.1,35,0.1973358,0.1973358,36
11.11,35,0.1934578,0.1934578,36
11.12,35,0.1969346,0.1969346,36
11.13,35,0.1956256,0.1956256,36
11.14,35,0.1957483,0.1957483,36
11.15,35,0.1962949,0.1962949,36
11.16,35,0.1944475,0.1944475,36
11.17,35,0.1937717,0.1937717,36
11.18,35,0.1978243,0.1978243,36
11.19,35,0.2013331,0.2013331,36
11.2,35,0.2007483,0.2007483,36
11.21,35,0.199866,0.199866,36
11.22,35,0.1940494,0.1940494,36
11.23,35,0.1934034,0.1934034,36
11.24,35,0.1947597,0.1947597,36
11.25,35,0.197092,0.197092,36
11.26,35,0.1950567,0.1950567,36
11.27,35,0.196905,0.196905,36
11.28,35,0.1940355,0.1940355,36
11.29,35,0.1926708,0.1926708,36
11.3,35,0.1933636,0.1933636,36
11.31,35,0.1930539,0.1930539,36
11.32,35,0.1907368,0.1907368,36
11.33,35,0.1870766,0.1870766,36
11.34,35,0.1841018,0.1841018,36
11.35,35,0.1838676,0.1838676,36
11.36,35,0.1886516,0.1886516,36
11.37,35,0.191734,0.191734,36
11.38,35,0.1952804,0.1952804,36
11.39,35,0.1937429,0.1937429,36
11.4,35,0.1919691,0.1919691,36
11.41,35,0.1902304,0.1902304,36
11.42,35,0.1945214,0.1945214,36
11.43,35,0.1917391,0.1917391,36
11.44,35,0.1934249,0.1934249,36
11.45,35,0.1957889,0.1957889,36
11.46,35,0.1919583,0.1919583,36
11.47,35,0.1908003,0.1908003,36
11.48,35,0.1933844,0.1933844,36
11.49,35,0.1906284,0.1906284,36
11.5,35,0.1887688,0.1887688,36
11.51,35,0.1912289,0.1912289,36
11.52,35,0.1906681,0.1906681,36
11.53,35,0.1928013,0.1928013,36
11.54,35,0.1953196,0.1953196,36
11.55,35,0.1983424,0.1983424,36
11.56,35,0.1973025,0.1973025,36
11.57,35,0.2003971,0.2003971,36
11.58,35,0.202098,0.202098,36
11.59,35,0.1959293,0.1959293,36
11.6,35,0.1972106,0.1972106,36
11.61,35,0.1982913,0.1982913,36
11.62,35,0.1940764,0.1940764,36
11.63,35,0.1948569,0.1948569,36
11.64,35,0.1952061,0.1952061,36
11.65,35,0.1990887,0.1990887,36
11.66,35,0.1957102,0.1957102,36
11.67,35,0.1969965,0.1969965,36
11.68,35,0.1953941,0.1953941,36
11.69,35,0.1949993,0.1949993,36
11.7,35,0.1933581,0.1933581,36
11.71,35,0.1942918,0.1942918,36
11.72,35,0.1879282,0.1879282,36
11.73,35,0.1797381,0.1797381,36
11.74,35,0.1792447,0.1792447,36
11.75,35,0.1831864,0.1831864,36
11.76,35,0.1894205,0.1894205,36
11.77,35,0.1873655,0.1873655,36
11.78,35,0.1899181,0.1899181,36
11.79,35,0.1881208,0.1881208,36
11.8,35,0.1892096,0.1892096,36
11.81,35,0.1891377,0.1891377,36
11.82,35,0.1923292,0.1923292,36
11.83,35,0.1944269,0.1944269,36
11.84,35,0.1897643,0.1897643,36
11.85,35,0.18654,0.18654,36
11.86,35,0.18827,0.18827,36
11.87,35,0.1902214,0.1902214,36
11.88,35,0.1895435,0.1895435,36
11.89,35,0.1931664,0.1931664,36
11.9,35,0.1918901,0.1918901,36
11.91,35,0.193199,0.193199,36
11.92,35,0.1947655,0.1947655,36
11.93,35,0.1895587,0.1895587,36
11.94,35,0.1870997,0.1870997,36
11.95,35,0.182961,0.182961,36
11.96,35,0.182316,0.182316,36
11.97,35,0.1849739,0.1849739,36
11.98,35,0.1887034,0.1887034,36
11.99,35,0.190888,0.190888,36
12,35,0.1970004,0.1970004,36
12.01,35,0.1979515,0.1979515,36
12.02,35,0.201604,0.201604,36
12.03,35,0.2038639,0.2038639,36
12.04,35,0.2064637,0.2064637,36
12.05,35,0.2101445,0.2101445,36
12.06,35,0.2068921,0.2068921,36
12.07,35,0.2083434,0.2083434,36
12.08,35,0.2050558,0.2050558,36
12.09,35,0.2039828,0.2039828,36
12.1,35,0.2060286,0.2060286,36
12.11,35,0.2070064,0.2070064,36
12.12,35,0.2069551,0.2069551,36
12.13,35,0.2093227,0.2093227,36
12.14,35,0.2114568,0.2114568,36
12.15,35,0.2131092,0.2131092,36
12.16,35,0.2125966,0.2125966,36
12.17,35,0.2139695,0.2139695,36
12.18,35,0.213875,0.213875,36
12.19,35,0.2115117,0.2115117,36
12.2,35,0.2140815,0.2140815,36
12.21,35,0.2162609,0.2162609,36
12.22,35,0.2153965,0.2153965,36
12.23,35,0.2135398,0.2135398,36
12.24,35,0.2143106,0.2143106,36
12.25,35,0.2103385,0.2103385,36
12.26,35,0.2103167,0.2103167,36
12.27,35,0.2088684,0.2088684,36
12.28,35,0.2063355,0.2063355,36
12.29,35,0.2060257,0.2060257,36
12.3,35,0.2036,0.2036,36
12.31,35,0.2024085,0.2024085,36
12.32,35,0.2005047,0.2005047,36
12.33,35,0.2015371,0.2015371,36
12.34,35,0.1972369,0.1972369,36
12.35,35,0.1963308,0.1963308,36
12.36,35,0.1939085,0.1939085,36
12.37,35,0.1941012,0.1941012,36
12.38,35,0.1947177,0.1947177,36
12.39,35,0.1955605,0.1955605,36
12.4,35,0.1957225,0.1957225,36
12.41,35,0.1931506,0.1931506,36
12.42,35,0.1918088,0.1918088,36
12.43,35,0.1846866,0.1846866,36
12.44,35,0.1823365,0.1823365,36
12.45,35,0.1827469,0.1827469,36
12.46,35,0.1821418,0.1821418,36
12.47,35,0.1805743,0.1805743,36
12.48,35,0.1831822,0.1831822,36
12.49,35,0.1844173,0.1844173,36
12.5,35,0.1881526,0.1881526,36
12.51,35,0.1878151,0.1878151,36
12.52,35,0.1859153,0.1859153,36
12.53,35,0.1907655,0.1907655,36
12.54,35,0.1923354,0.1923354,36
12.55,35,0.1970024,0.1970024,36
12.56,35,0.1986633,0.1986633,36
12.57,35,0.1965819,0.1965819,36
12.58,35,0.1920499,0.1920499,36
12.59,35,0.1922585,0.1922585,36
12.6,35,0.1959257,0.1959257,36
12.61,35,0.2002911,0.2002911,36
12.62,35,0.2090121,0.2090121,36
12.63,35,0.210998,0.210998,36
12.64,35,0.2028273,0.2028273,36
12.65,35,0.2020478,0.2020478,36
12.66,35,0.1942014,0.1942014,36
12.67,35,0.1891747,0.1891747,36
12.68,35,0.1941847,0.1941847,36
12.69,35,0.203089,0.203089,36
12.7,35,0.2100786,0.2100786,36
12.71,35,0.2099929,0.2099929,36
12.72,35,0.2031087,0.2031087,36
12.73,35,0.1988041,0.1988041,36
12.74,35,0.1919898,0.1919898,36
12.75,35,0.1994749,0.1994749,36
12.76,35,0.2057099,0.2057099,36
12.77,35,0.2065216,0.2065216,36
12.78,35,0.201301,0.201301,36
12.79,35,0.1967117,0.1967117,36
12.8,35,0.1954401,0.1954401,36
12.81,35,0.1891028,0.1891028,36
12.82,35,0.1896226,0.1896226,36
12.83,35,0.1931964,0.1931964,36
12.84,35,0.1893345,0.1893345,36
12.85,35,0.1818143,0.1818143,36
12.86,35,0.1828544,0.1828544,36
12.87,35,0.1813037,0.1813037,36
12.88,35,0.1856378,0.1856378,36
12.89,35,0.1889469,0.1889469,36
12.9,35,0.1862856,0.1862856,36
12.91,35,0.1816954,0.1816954,36
12.92,35,0.1743197,0.1743197,36
12.93,35,0.1757471,0.1757471,36
12.94,35,0.1809419,0.1809419,36
12.95,35,0.1842669,0.1842669,36
12.96,35,0.1841757,0.1841757,36
12.97,35,0.1860542,0.1860542,36
12.98,35,0.18732,0.18732,36
12.99,35,0.1929685,0.1929685,36
13,35,0.1903723,0.1903723,36
13.01,35,0.1929488,0.1929488,36
13.02,35,0.1945727,0.1945727,36
13.03,35,0.196956,0.196956,36
13.04,35,0.1966132,0.1966132,36
13.05,35,0.1937436,0.1937436,36
13.06,35,0.197248,0.197248,36
13.07,35,0.2014138,0.2014138,36
13.08,35,0.2000127,0.2000127,36
13.09,35,0.2000242,0.2000242,36
13.1,35,0.1952526,0.1952526,36
13.11,35,0.1934526,0.1934526,36
13.12,35,0.1892855,0.1892855,36
13.13,35,0.1980416,0.1980416,36
13.14,35,0.1954158,0.1954158,36
13.15,35,0.195363,0.195363,36
13.16,35,0.1936225,0.1936225,36
13.17,35,0.1935287,0.1935287,36
13.18,35,0.1958828,0.1958828,36
13.19,35,0.1999127,0.1999127,36
13.2,35,0.2029429,0.2029429,36
13.21,35,0.2027351,0.2027351,36
13.22,35,0.2022384,0.2022384,36
13.23,35,0.20021,0.20021,36
13.24,35,0.1976714,0.1976714,36
13.25,35,0.1918396,0.1918396,36
13.26,35,0.1940013,0.1940013,36
13.27,35,0.1935077,0.1935077,36
13.28,35,0.197395,0.197395,36
13.29,35,0.1947828,0.1947828,36
13.3,35,0.1946531,0.1946531,36
13.31,35,0.1961019,0.1961019,36
13.32,35,0.1960995,0.1960995,36
13.33,35,0.196246,0.196246,36
13.34,35,0.1971094,0.1971094,36
13.35,35,0.2006395,0.2006395,36
13.36,35,0.1999279,0.1999279,36
13.37,35,0.2011253,0.2011253,36
13.38,35,0.2056617,0.2056617,36
13.39,35,0.2102046,0.2102046,36
13.4,35,0.2101881,0.2101881,36
13.41,35,0.2097454,0.2097454,36
13.42,35,0.2141833,0.2141833,36
13.43,35,0.2112143,0.2112143,36
13.44,35,0.2123309,0.2123309,36
13.45,35,0.210877,0.210877,36
13.46,35,0.2090049,0.2090049,36
13.47,35,0.2093206,0.2093206,36
13.48,35,0.2110289,0.2110289,36
13.49,35,0.2083027,0.2083027,36
13.5,35,0.2134884,0.2134884,36
13.51,35,0.2189681,0.2189681,36
13.52,35,0.219132,0.219132,36
13.53,35,0.21647,0.21647,36
13.54,35,0.2160053,0.2160053,36
13.55,35,0.2136984,0.2136984,36
13.56,35,0.2171281,0.2171281,36
13.57,35,0.2195966,0.2195966,36
13.58,35,0.2218987,0.2218987,36
13.59,35,0.2271023,0.2271023,36
13.6,35,0.2347141,0.2347141,36
13.61,35,0.2407698,0.2407698,36
13.62,35,0.2462798,0.2462798,36
13.63,35,0.2472853,0.2472853,36
13.64,35,0.2458952,0.2458952,36
13.65,35,0.2427165,0.2427165,36
13.66,35,0.2447855,0.2447855,36
13.67,35,0.240478,0.240478,36
13.68,35,0.2428467,0.2428467,36
13.69,35,0.2340598,0.2340598,36
13.7,35,0.2329374,0.2329374,36
13.71,35,0.2328289,0.2328289,36
13.72,35,0.235987,0.235987,36
13.73,35,0.2366269,0.2366269,36
13.74,35,0.2322807,0.2322807,36
13.75,35,0.2302118,0.2302118,36
13.76,35,0.2306136,0.2306136,36
13.77,35,0.2300202,0.2300202,36
13.78,35,0.2279797,0.2279797,36
13.79,35,0.2338401,0.2338401,36
13.8,35,0.2336694,0.2336694,36
13.81,35,0.2353534,0.2353534,36
13.82,35,0.2334504,0.2334504,36
13.83,35,0.2310455,0.2310455,36
13.84,35,0.2298838,0.2298838,36
13.85,35,0.2243078,0.2243078,36
13.86,35,0.2230325,0.2230325,36
13.87,35,0.2251989,0.2251989,36
13.88,35,0.2295696,0.2295696,36
13.89,35,0.2292856,0.2292856,36
13.9,35,0.2226356,0.2226356,36
13.91,35,0.2208546,0.2208546,36
13.92,35,0.2188338,0.2188338,36
13.93,35,0.2198575,0.2198575,36
13.94,35,0.2191256,0.2191256,36
13.95,35,0.2147249,0.2147249,36
13.96,35,0.2120313,0.2120313,36
13.97,35,0.2108492,0.2108492,36
13.98,35,0.2132615,0.2132615,36
13.99,35,0.2101594,0.2101594,36
14,35,0.2079059,0.2079059,36
14.01,35,0.205573,0.205573,36
14.02,35,0.2018815,0.2018815,36
14.03,35,0.2008756,0.2008756,36
14.04,35,0.2048595,0.2048595,36
14.05,35,0.2082778,0.2082778,36
14.06,35,0.2127286,0.2127286,36
14.07,35,0.2136514,0.2136514,36
14.08,35,0.210285,0.210285,36
14.09,35,0.2130116,0.2130116,36
14.1,35,0.2102639,0.2102639,36
14.11,35,0.2092987,0.2092987,36
14.12,35,0.2118986,0.2118986,36
14.13,35,0.208993,0.208993,36
14.14,35,0.2047623,0.2047623,36
14.15,35,0.20135,0.20135,36
14.16,35,0.1993509,0.1993509,36
14.17,35,0.199251,0.199251,36
14.18,35,0.1998767,0.1998767,36
14.19,35,0.2012073,0.2012073,36
14.2,35,0.2006264,0.2006264,36
14.21,35,0.205876,0.205876,36
14.22,35,0.2028635,0.2028635,36
14.23,35,0.2057547,0.2057547,36
14.24,35,0.2074595,0.2074595,36
14.25,35,0.2058202,0.2058202,36
14.26,35,0.2048351,0.2048351,36
14.27,35,0.2033103,0.2033103,36
14.28,35,0.2045363,0.2045363,36
14.29,35,0.201449,0.201449,36
14.3,35,0.201156,0.201156,36
14.31,35,0.2010034,0.2010034,36
14.32,35,0.2038131,0.2038131,36
14.33,35,0.2062878,0.2062878,36
14.34,35,0.2101111,0.2101111,36
14.35,35,0.2098544,0.2098544,36
14.36,35,0.2097367,0.2097367,36
14.37,35,0.2094899,0.2094899,36
14.38,35,0.2078488,0.2078488,36
14.39,35,0.2123486,0.2123486,36
14.4,35,0.212419,0.212419,36
14.41,35,0.2106715,0.2106715,36
14.42,35,0.2126402,0.2126402,36
14.43,35,0.2152789,0.2152789,36
14.44,35,0.2136998,0.2136998,36
14.45,35,0.217551,0.217551,36
14.46,35,0.2167755,0.2167755,36
14.47,35,0.2168568,0.2168568,36
14.48,35,0.2165094,0.2165094,36
14.49,35,0.2190383,0.2190383,36
14.5,35,0.2189223,0.2189223,36
14.51,35,0.2197881,0.2197881,36
14.52,35,0.2174859,0.2174859,36
14.53,35,0.2132791,0.2132791,36
14.54,35,0.2087877,0.2087877,36
14.55,35,0.2083861,0.2083861,36
14.56,35,0.2084427,0.2084427,36
14.57,35,0.2082005,0.2082005,36
14.58,35,0.2095293,0.2095293,36
14.59,35,0.2086613,0.2086613,36
14.6,35,0.20513,0.20513,36
14.61,35,0.202596,0.202596,36
14.62,35,0.2017303,0.2017303,36
14.63,35,0.2014463,0.2014463,36
14.64,35,0.2039897,0.2039897,36
14.65,35,0.2034713,0.2034713,36
14.66,35,0.2036736,0.2036736,36
14.67,35,0.2030338,0.2030338,36
14.68,35,0.2066576,0.2066576,36
14.69,35,0.2049505,0.2049505,36
14.7,35,0.2072477,0.2072477,36
14.71,35,0.2092926,0.2092926,36
14.72,35,0.20515,0.20515,36
14.73,35,0.2057471,0.2057471,36
14.74,35,0.2073051,0.2073051,36
14.75,35,0.2077078,0.2077078,36
14.76,35,0.205987,0.205987,36
14.77,35,0.2089498,0.2089498,36
14.78,35,0.210123,0.210123,36
14.79,35,0.2055929,0.2055929,36
14.8,35,0.2046084,0.2046084,36
14.81,35,0.2063524,0.2063524,36
14.82,35,0.2080433,0.2080433,36
14.83,35,0.2063836,0.2063836,36
14.84,35,0.2067584,0.2067584,36
14.85,35,0.204024,0.204024,36
14.86,35,0.2023615,0.2023615,36
14.87,35,0.2108871,0.2108871,36
14.88,35,0.2080479,0.2080479,36
14.89,35,0.2060058,0.2060058,36
14.9,35,0.2075346,0.2075346,36
14.91,35,0.2078928,0.2078928,36
14.92,35,0.2068307,0.2068307,36
14.93,35,0.2094963,0.2094963,36
14.94,35,0.2085358,0.2085358,36
14.95,35,0.2068582,0.2068582,36
14.96,35,0.2089181,0.2089181,36
14.97,35,0.2095311,0.2095311,36
14.98,35,0.2104242,0.2104242,36
14.99,35,0.2098789,0.2098789,36
