t,u,theta,phi
0,0,0,0
0.01,0,0.0005412115,0.002332926
0.02,0,3.966893e-05,-0.002529383
0.03,0,-0.0008383656,0.002332926
0.04,0,0.0004595504,0.002332926
0.05,0,0.0007009872,0.002332926
0.06,0,-0.0001481852,0.002332926
0.07,0,0.000233489,0.002332926
0.08,0,0.0002392148,0.002332926
0.09,0,-0.0001910801,-0.002529383
0.1,0,0.0004807407,0.002332926
0.11,0,6.197908e-05,-0.002529383
0.12,0,-0.0005903241,0.002332926
0.13,0,0.0001035374,0.002332926
0.14,0,0.0003457021,0.002332926
0.15,0,0.0001843083,-0.002529383
0.16,0,0.0005629064,0.002332926
0.17,0,2.843296e-05,-0.002529383
0.18,0,-0.0005087585,0.002332926
0.19,0,0.0002403857,-0.002529383
0.2,0,0.0003333609,-0.002529383
0.21,0,3.59246e-05,0.002332926
0.22,0,0.0002874588,0.002332926
0.23,0,0.000179672,0.002332926
0.24,0,3.144043e-06,0.002332926
0.25,0,0.0002897845,0.002332926
0.26,0,-0.0001375335,0.002332926
0.27,0,-0.0003784335,-0.002529383
0.28,0,0.0001969688,0.002332926
0.29,0,0.0002554466,0.002332926
0.3,0,9.094388e-05,0.002332926
0.31,0,0.0002361022,0.002332926
0.32,0,-2.350967e-05,-0.002529383
0.33,0,-0.0002121787,-0.002529383
0.34,0,-9.077692e-05,0.002332926
0.35,0,-0.0002219539,-0.002529383
0.36,0,-0.0002807109,-0.00739193
0.37,0,6.644957e-05,-0.002529383
0.38,0,-0.0001102203,0.002332926
0.39,0,-0.0002392378,0.002332926
0.4,0,-8.390441e-05,-0.002529383
0.41,0,-0.00027251,0.002332926
0.42,0,-0.0002161669,-0.002529383
0.43,0,-4.677655e-06,0.002332926
0.44,0,-0.0001325091,0.002332926
0.45,0,-0.0003148311,-0.002529383
0.46,0,-0.0003043257,0.002332926
0.47,0,-0.0005382039,-0.002529383
0.48,0,-0.0004251712,0.002332926
0.49,0,-4.283435e-05,-0.002529383
0.5,0,-9.30039e-05,0.002332926
0.51,0,-0.000396098,0.002332926
0.52,0,-0.0002099648,0.002332926
0.53,0,-0.0004175232,0.002332926
0.54,0,-0.0006083043,-0.002529383
0.55,0,-0.0003070849,-0.002529383
0.56,0,-0.0004238993,0.002332926
0.57,0,-0.000638961,-0.002529383
0.58,0,-0.0004663785,-0.002529383
0.59,0,-0.0005734209,0.002332926
0.6,0,-0.0008136751,-0.002529383
0.61,0,-0.0006759303,0.002332926
0.62,0,-0.0008216853,0.002332926
0.63,0,-0.0008413267,0.002332926
0.64,0,-0.0005561936,-0.002529383
0.65,0,-0.0005946558,-0.002529383
0.66,0,-0.0006866535,0.002332926
0.67,0,-0.0006980608,-0.002529383
0.68,0,-0.0009171853,-0.002529383
0.69,0,-0.001038549,0.002332926
0.7,0,-0.0008299722,0.002332926
0.71,0,-0.0008112423,0.002332926
0.72,0,-0.0009274935,0.002332926
0.73,0,-0.0008127968,-0.002529383
0.74,0,-0.0008543433,0.002332926
0.75,0,-0.001016695,0.002332926
0.76,0,-0.0009434833,-0.002529383
0.77,0,-0.0008459634,0.002332926
0.78,0,-0.000826387,0.002332926
0.79,0,-0.0006538778,-0.002529383
0.8,0,-0.0005086445,0.002332926
0.81,0,-0.0006043531,0.002332926
0.82,0,-0.0006366129,-0.002529383
0.83,0,-0.0007817503,-0.002529383
0.84,0,-0.0008130996,-0.002529383
0.85,0,-0.0006055975,0.002332926
0.86,0,-0.0005669404,-0.002529383
0.87,0,-0.000639377,0.002332926
0.88,0,-0.0006473028,-0.002529383
0.89,0,-0.0005103145,0.002332926
0.9,0,-0.000597602,-0.002529383
0.91,0,-0.0005619098,-0.002529383
0.92,0,-0.0006612882,0.002332926
0.93,0,-0.0008668618,-0.002529383
0.94,0,-0.0008334758,0.002332926
0.95,0,-0.0007898468,0.002332926
0.96,0,-0.0005888729,0.002332926
0.97,0,-0.000312425,-0.002529383
0.98,0,-0.0002155075,-0.002529383
0.99,0,-7.445527e-05,0.002332926
1,0,5.74439e-05,-0.002529383
1.01,0.5236,3.188727e-05,-0.002529383
1.02,0.5236,-0.0001881984,-0.002529383
1.03,0.5236,0.001333017,0.002332926
1.04,0.5236,0.01687079,0.007194996
1.05,0.5236,0.02763638,0.02664471
1.06,0.5236,0.02078851,0.05095649
1.07,0.5236,-0.004341913,0.07040596
1.08,0.5236,-0.02213717,0.09471774
1.09,0.5236,-0.03032323,0.1238918
1.1,0.5236,-0.04612809,0.162791
1.11,0.5236,-0.07256022,0.1968274
1.12,0.5236,-0.1064942,0.230864
1.13,0.5236,-0.132834,0.2794876
1.14,0.5236,-0.1625156,0.3135242
1.15,0.5236,-0.1949591,0.352423
1.16,0.5236,-0.2221569,0.3913221
1.17,0.5236,-0.2490743,0.4253588
1.18,0.5236,-0.2896211,0.4545329
1.19,0.5236,-0.3272972,0.4885695
1.2,0.5236,-0.3578808,0.4982941
1.21,0.5236,-0.3646869,0.5031564
1.22,0.5236,-0.3444824,0.5177436
1.23,0.5236,-0.321605,0.5274682
1.24,0.5236,-0.3314047,0.5323308
1.25,0.5236,-0.3374973,0.5371931
1.26,0.5236,-0.3101678,0.5323308
1.27,0.5236,-0.2746882,0.5371931
1.28,0.5236,-0.2347317,0.5371931
1.29,0.5236,-0.2083608,0.5469179
1.3,0.5236,-0.1876526,0.5469179
1.31,0.5236,-0.1591689,0.5469179
1.32,0.5236,-0.1215437,0.5469179
1.33,0.5236,-0.08510118,0.5469179
1.34,0.5236,-0.05801986,0.55178
1.35,0.5236,-0.02886992,0.5469179
1.36,0.5236,0.005114371,0.5469179
1.37,0.5236,0.03755407,0.55178
1.38,0.5236,0.06899694,0.5469179
1.39,0.5236,0.1047073,0.5469179
1.4,0.5236,0.134349,0.55178
1.41,0.5236,0.1591162,0.55178
1.42,0.5236,0.1841486,0.5469179
1.43,0.5236,0.2120084,0.5469179
1.44,0.5236,0.2411414,0.55178
1.45,0.5236,0.2614346,0.55178
1.46,0.5236,0.2784368,0.55178
1.47,0.5236,0.2952722,0.55178
1.48,0.5236,0.3142174,0.55178
1.49,0.5236,0.3311225,0.5469179
1.5,0.5236,0.3415043,0.55178
1.51,0.5236,0.3493268,0.55178
1.52,0.5236,0.3548552,0.5469179
1.53,0.5236,0.3603921,0.5469179
1.54,0.5236,0.3650771,0.55178
1.55,0.5236,0.3644867,0.55178
1.56,0.5236,0.359589,0.55178
1.57,0.5236,0.3545698,0.5469179
1.58,0.5236,0.3478922,0.55178
1.59,0.5236,0.3388447,0.55178
1.6,0.5236,0.3281547,0.55178
1.61,0.5236,0.3128537,0.5469179
1.62,0.5236,0.2951767,0.55178
1.63,0.5236,0.2770388,0.55178
1.64,0.5236,0.2581351,0.5469179
1.65,0.5236,0.2374108,0.5469179
1.66,0.5236,0.2145432,0.55178
1.67,0.5236,0.1896801,0.5469179
1.68,0.5236,0.1634747,0.5469179
1.69,0.5236,0.1372681,0.55178
1.7,0.5236,0.1102789,0.55178
1.71,0.5236,0.08185503,0.5469179
1.72,0.5236,0.05206095,0.5469179
1.73,0.5236,0.02266761,0.5469179
1.74,0.5236,-0.00616817,0.5469179
1.75,0.5236,-0.03516949,0.5469179
1.76,0.5236,-0.06452876,0.55178
1.77,0.5236,-0.09367942,0.5469179
1.78,0.5236,-0.1214948,0.55178
1.79,0.5236,-0.1481674,0.5469179
1.8,0.5236,-0.1742265,0.55178
1.81,0.5236,-0.2001063,0.5469179
1.82,0.5236,-0.2244503,0.5469179
1.83,0.5236,-0.2468554,0.5469179
1.84,0.5236,-0.2677852,0.5469179
1.85,0.5236,-0.2876485,0.5469179
1.86,0.5236,-0.3060228,0.55178
1.87,0.5236,-0.3220657,0.5469179
1.88,0.5236,-0.336095,0.5469179
1.89,0.5236,-0.3483819,0.5469179
1.9,0.5236,-0.3586825,0.5469179
1.91,0.5236,-0.3663886,0.5469179
1.92,0.5236,-0.3716342,0.55178
1.93,0.5236,-0.3750731,0.5469179
1.94,0.5236,-0.3767766,0.5469179
1.95,0.5236,-0.3760033,0.5469179
1.96,0.5236,-0.3724574,0.5469179
1.97,0.5236,-0.3671888,0.5469179
1.98,0.5236,-0.360211,0.5469179
1.99,0.5236,-0.3506154,0.5469179
2,0.5236,-0.338369,0.55178
2.01,0.5236,-0.3245982,0.5469179
2.02,0.5236,-0.3096103,0.5469179
2.03,0.5236,-0.2922269,0.5469179
2.04,0.5236,-0.2729916,0.55178
2.05,0.5236,-0.2524297,0.55178
2.06,0.5236,-0.2302626,0.5469179
2.07,0.5236,-0.206645,0.5469179
2.08,0.5236,-0.1821527,0.5469179
2.09,0.5236,-0.1567913,0.55178
2.1,0.5236,-0.1302757,0.55178
2.11,0.5236,-0.1028282,0.5469179
2.12,0.5236,-0.07523072,0.5469179
2.13,0.5236,-0.04756618,0.5469179
2.14,0.5236,-0.01927202,0.5469179
2.15,0.5236,0.009156604,0.5469179
2.16,0.5236,0.03758914,0.55178
2.17,0.5236,0.06491603,0.5469179
2.18,0.5236,0.09195022,0.55178
2.19,0.5236,0.1184688,0.55178
2.2,0.5236,0.1442053,0.5469179
2.21,0.5236,0.1688802,0.5469179
2.22,0.5236,0.1924243,0.5469179
2.23,0.5236,0.2147017,0.5469179
2.24,0.5236,0.2355293,0.5469179
2.25,0.5236,0.2548758,0.55178
2.26,0.5236,0.2725095,0.55178
2.27,0.5236,0.2883474,0.5469179
2.28,0.5236,0.3024403,0.55178
2.29,0.5236,0.3146698,0.5469179
2.3,0.5236,0.3250616,0.55178
2.31,0.5236,0.3333824,0.5469179
2.32,0.5236,0.3394288,0.5469179
2.33,0.5236,0.3434773,0.55178
2.34,0.5236,0.3454716,0.55178
2.35,0.5236,0.3454067,0.55178
2.36,0.5236,0.3430916,0.55178
2.37,0.5236,0.3388492,0.5469179
2.38,0.5236,0.3325658,0.55178
2.39,0.5236,0.3240484,0.5469179
2.4,0.5236,0.313512,0.5469179
2.41,0.5236,0.3011049,0.5469179
2.42,0.5236,0.2868248,0.5469179
2.43,0.5236,0.2710278,0.5469179
2.44,0.5236,0.2536433,0.5469179
2.45,0.5236,0.2346021,0.55178
2.46,0.5236,0.2140497,0.5469179
2.47,0.5236,0.1921816,0.5469179
2.48,0.5236,0.169118,0.55178
2.49,0.5236,0.145073,0.55178
2.5,0.5236,0.1203091,0.55178
2.51,0.5236,0.09490377,0.55178
2.52,0.5236,0.06895233,0.5469179
2.53,0.5236,0.0425485,0.55178
2.54,0.5236,0.01577207,0.55178
2.55,0.5236,-0.01081122,0.5469179
2.56,0.5236,-0.03711987,0.55178
2.57,0.5236,-0.06319132,0.55178
2.58,0.5236,-0.08891388,0.55178
2.59,0.5236,-0.113828,0.55178
2.6,0.5236,-0.1382104,0.5469179
2.61,0.5236,-0.1617047,0.55178
2.62,0.5236,-0.1840731,0.5469179
2.63,0.5236,-0.2051556,0.55178
2.64,0.5236,-0.2249386,0.5469179
2.65,0.5236,-0.2433773,0.55178
2.66,0.5236,-0.2601118,0.5469179
2.67,0.5236,-0.2751961,0.5469179
2.68,0.5236,-0.2885614,0.5469179
2.69,0.5236,-0.3001165,0.55178
2.7,0.5236,-0.3099367,0.55178
2.71,0.5236,-0.317921,0.5469179
2.72,0.5236,-0.3239273,0.5469179
2.73,0.5236,-0.3278945,0.55178
2.74,0.5236,-0.3297576,0.5469179
2.75,0.5236,-0.3296835,0.5469179
2.76,0.5236,-0.3276834,0.55178
2.77,0.5236,-0.32369,0.55178
2.78,0.5236,-0.3177852,0.55178
2.79,0.5236,-0.3098934,0.55178
2.8,0.5236,-0.300186,0.5469179
2.81,0.5236,-0.2884978,0.5469179
2.82,0.5236,-0.2750885,0.5469179
2.83,0.5236,-0.2600546,0.5469179
2.84,0.5236,-0.2434535,0.5469179
2.85,0.5236,-0.2255375,0.5469179
2.86,0.5236,-0.206208,0.5469179
2.87,0.5236,-0.1857975,0.5469179
2.88,0.5236,-0.1641034,0.5469179
2.89,0.5236,-0.1415288,0.5469179
2.9,0.5236,-0.1180372,0.5469179
2.91,0.5236,-0.09386718,0.5469179
2.92,0.5236,-0.06936046,0.5469179
2.93,0.5236,-0.04447598,0.5469179
2.94,0.5236,-0.01947215,0.5469179
2.95,0.5236,0.005478196,0.5469179
2.96,0.5236,0.03041449,0.55178
2.97,0.5236,0.05529163,0.5469179
2.98,0.5236,0.0794383,0.55178
2.99,0.5236,0.1031272,0.55178
3,0.5236,0.1261798,0.55178
3.01,0.5236,0.1482886,0.55178
3.02,0.5236,0.1694618,0.5469179
3.03,0.5236,0.1895618,0.5469179
3.04,0.5236,0.2083566,0.55178
3.05,0.5236,0.2258469,0.55178
3.06,0.5236,0.2418718,0.55178
3.07,0.5236,0.256402,0.55178
3.08,0.5236,0.2693846,0.55178
3.09,0.5236,0.2806728,0.5469179
3.1,0.5236,0.2900788,0.55178
3.11,0.5236,0.2977011,0.5469179
3.12,0.5236,0.3035192,0.55178
3.13,0.5236,0.3074487,0.55178
3.14,0.5236,0.3095622,0.5469179
3.15,0.5236,0.3096012,0.5469179
3.16,0.5236,0.3079081,0.5469179
3.17,0.5236,0.3043483,0.5469179
3.18,0.5236,0.2987474,0.55178
3.19,0.5236,0.291479,0.5469179
3.2,0.5236,0.2824839,0.5469179
3.21,0.5236,0.2716855,0.55178
3.22,0.5236,0.2590765,0.55178
3.23,0.5236,0.2448842,0.55178
3.24,0.5236,0.2291801,0.5469179
3.25,0.5236,0.2124083,0.5469179
3.26,0.5236,0.1945214,0.5469179
3.27,0.5236,0.1753756,0.5469179
3.28,0.5236,0.154938,0.55178
3.29,0.5236,0.133658,0.5469179
3.3,0.5236,0.1115541,0.55178
3.31,0.5236,0.08883902,0.5469179
3.32,0.5236,0.06563628,0.55178
3.33,0.5236,0.0420716,0.5469179
3.34,0.5236,0.01859713,0.55178
3.35,0.5236,-0.004838024,0.55178
3.36,0.5236,-0.02841447,0.55178
3.37,0.5236,-0.05184053,0.55178
3.38,0.5236,-0.07505266,0.5469179
3.39,0.5236,-0.09735034,0.5469179
3.4,0.5236,-0.1189426,0.5469179
3.41,0.5236,-0.1397313,0.5469179
3.42,0.5236,-0.1597658,0.5469179
3.43,0.5236,-0.1789544,0.5469179
3.44,0.5236,-0.1968268,0.5469179
3.45,0.5236,-0.2133049,0.5469179
3.46,0.5236,-0.2284282,0.5469179
3.47,0.5236,-0.2421571,0.55178
3.48,0.5236,-0.2542678,0.5469179
3.49,0.5236,-0.2647963,0.5469179
3.5,0.5236,-0.2737926,0.5469179
3.51,0.5236,-0.2811345,0.55178
3.52,0.5236,-0.2865152,0.5469179
3.53,0.5236,-0.2901555,0.5469179
3.54,0.5236,-0.292015,0.5469179
3.55,0.5236,-0.2920327,0.5469179
3.56,0.5236,-0.2903877,0.5469179
3.57,0.5236,-0.2869039,0.5469179
3.58,0.5236,-0.2817698,0.5469179
3.59,0.5236,-0.2747379,0.55178
3.6,0.5236,-0.266048,0.5469179
3.61,0.5236,-0.2558071,0.5469179
3.62,0.5236,-0.2441409,0.5469179
3.63,0.5236,-0.2309901,0.5469179
3.64,0.5236,-0.2164787,0.5469179
3.65,0.5236,-0.200702,0.5469179
3.66,0.5236,-0.1834954,0.55178
3.67,0.5236,-0.1652664,0.5469179
3.68,0.5236,-0.1461728,0.5469179
3.69,0.5236,-0.1261779,0.5469179
3.7,0.5236,-0.105491,0.5469179
3.71,0.5236,-0.08430189,0.5469179
3.72,0.5236,-0.0626536,0.5469179
3.73,0.5236,-0.04047427,0.55178
3.74,0.5236,-0.01827019,0.5469179
3.75,0.5236,0.004010806,0.5469179
3.76,0.5236,0.02611562,0.5469179
3.77,0.5236,0.04815672,0.55178
3.78,0.5236,0.06963407,0.5469179
3.79,0.5236,0.09072124,0.5469179
3.8,0.5236,0.1111113,0.55178
3.81,0.5236,0.1306805,0.5469179
3.82,0.5236,0.1493919,0.5469179
3.83,0.5236,0.1672562,0.5469179
3.84,0.5236,0.1840978,0.5469179
3.85,0.5236,0.19961,0.5469179
3.86,0.5236,0.2139242,0.5469179
3.87,0.5236,0.2268388,0.5469179
3.88,0.5236,0.238259,0.55178
3.89,0.5236,0.2481115,0.5469179
3.9,0.5236,0.2564625,0.55178
3.91,0.5236,0.2632521,0.5469179
3.92,0.5236,0.2684147,0.5469179
3.93,0.5236,0.2718791,0.5469179
3.94,0.5236,0.2735709,0.5469179
3.95,0.5236,0.2735761,0.5469179
3.96,0.5236,0.271973,0.55178
3.97,0.5236,0.268776,0.5469179
3.98,0.5236,0.2638249,0.55178
3.99,0.5236,0.2572724,0.55178
4,0.5236,0.2492489,0.5469179
4.01,0.5236,0.2398009,0.55178
4.02,0.5236,0.2286968,0.55178
4.03,0.5236,0.2162009,0.55178
4.04,0.5236,0.2023897,0.55178
4.05,0.5236,0.1874466,0.55178
4.06,0.5236,0.1714306,0.5469179
4.07,0.5236,0.1543883,0.55178
4.08,0.5236,0.1363791,0.5469179
4.09,0.5236,0.117589,0.5469179
4.1,0.5236,0.09808829,0.55178
4.11,0.5236,0.07809041,0.5469179
4.12,0.5236,0.05772524,0.55178
4.13,0.5236,0.03690611,0.5469179
4.14,0.5236,0.01597085,0.55178
4.15,0.5236,-0.004983672,0.55178
4.16,0.5236,-0.02588971,0.55178
4.17,0.5236,-0.04646797,0.5469179
4.18,0.5236,-0.06684417,0.5469179
4.19,0.5236,-0.08662185,0.5469179
4.2,0.5236,-0.1058071,0.5469179
4.21,0.5236,-0.124325,0.5469179
4.22,0.5236,-0.1419201,0.5469179
4.23,0.5236,-0.158436,0.5469179
4.24,0.5236,-0.1741879,0.55178
4.25,0.5236,-0.1887534,0.5469179
4.26,0.5236,-0.2021188,0.5469179
4.27,0.5236,-0.2142306,0.55178
4.28,0.5236,-0.2249901,0.5469179
4.29,0.5236,-0.2343231,0.5420554
4.3,0.5236,-0.2420283,0.55178
4.31,0.5236,-0.2482497,0.55178
4.32,0.5236,-0.2529447,0.55178
4.33,0.5236,-0.2561201,0.5469179
4.34,0.5236,-0.2575705,0.5469179
4.35,0.5236,-0.2576837,0.5469179
4.36,0.5236,-0.2563159,0.5469179
4.37,0.5236,-0.2530311,0.5469179
4.38,0.5236,-0.2481921,0.55178
4.39,0.5236,-0.2419195,0.55178
4.4,0.5236,-0.234216,0.5469179
4.41,0.5236,-0.2251243,0.5469179
4.42,0.5236,-0.2146515,0.55178
4.43,0.5236,-0.2028747,0.55178
4.44,0.5236,-0.1897838,0.55178
4.45,0.5236,-0.1756242,0.5469179
4.46,0.5236,-0.1604192,0.55178
4.47,0.5236,-0.1442764,0.5469179
4.48,0.5236,-0.1272452,0.5469179
4.49,0.5236,-0.1095491,0.5469179
4.5,0.5236,-0.09133813,0.5469179
4.51,0.5236,-0.07245301,0.55178
4.52,0.5236,-0.05318672,0.55178
4.53,0.5236,-0.0337374,0.5469179
4.54,0.5236,-0.0142085,0.5469179
4.55,0.5236,0.005396127,0.5469179
4.56,0.5236,0.02479989,0.5469179
4.57,0.5236,0.04408156,0.5469179
4.58,0.5236,0.06315281,0.5469179
4.59,0.5236,0.08167978,0.55178
4.6,0.5236,0.09957302,0.5469179
4.61,0.5236,0.1168253,0.5469179
4.62,0.5236,0.1333193,0.5469179
4.63,0.5236,0.1489083,0.55178
4.64,0.5236,0.1635363,0.5469179
4.65,0.5236,0.1770733,0.5469179
4.66,0.5236,0.1895038,0.5469179
4.67,0.5236,0.2007371,0.55178
4.68,0.5236,0.210713,0.5469179
4.69,0.5236,0.219323,0.55178
4.7,0.5236,0.2264562,0.55178
4.71,0.5236,0.2323353,0.55178
4.72,0.5236,0.2365236,0.55178
4.73,0.5236,0.2392807,0.5469179
4.74,0.5236,0.2406392,0.55178
4.75,0.5236,0.2404869,0.55178
4.76,0.5236,0.2388535,0.5469179
4.77,0.5236,0.2358656,0.55178
4.78,0.5236,0.2313378,0.55178
4.79,0.5236,0.2253403,0.55178
4.8,0.5236,0.2179776,0.5469179
4.81,0.5236,0.2092749,0.5469179
4.82,0.5236,0.1991828,0.5469179
4.83,0.5236,0.1881035,0.55178
4.84,0.5236,0.1758858,0.5469179
4.85,0.5236,0.1625264,0.5469179
4.86,0.5236,0.1482827,0.5469179
4.87,0.5236,0.1331,0.55178
4.88,0.5236,0.1170777,0.5469179
4.89,0.5236,0.1004725,0.5469179
4.9,0.5236,0.08335119,0.5469179
4.91,0.5236,0.06574455,0.55178
4.92,0.5236,0.04784473,0.5469179
4.93,0.5236,0.02970039,0.55178
4.94,0.5236,0.01137536,0.55178
4.95,0.5236,-0.006985648,0.55178
4.96,0.5236,-0.02522066,0.55178
4.97,0.5236,-0.04331525,0.5469179
4.98,0.5236,-0.0611399,0.5469179
4.99,0.5236,-0.07845625,0.55178
5,0.5236,-0.09513318,0.55178
5.01,0.5236,-0.1111881,0.5469179
5.02,0.5236,-0.1264819,0.55178
5.03,0.5236,-0.1409945,0.5469179
5.04,0.5236,-0.1544969,0.55178
5.05,0.5236,-0.166991,0.5469179
5.06,0.5236,-0.178424,0.55178
5.07,0.5236,-0.1889104,0.5469179
5.08,0.5236,-0.1981318,0.5469179
5.09,0.5236,-0.2059205,0.55178
5.1,0.5236,-0.2124881,0.5469179
5.11,0.5236,-0.2177034,0.5469179
5.12,0.5236,-0.2214174,0.5469179
5.13,0.5236,-0.2238316,0.55178
5.14,0.5236,-0.2248495,0.5469179
5.15,0.5236,-0.2244474,0.5469179
5.16,0.5236,-0.2227533,0.5469179
5.17,0.5236,-0.2197948,0.5469179
5.18,0.5236,-0.2154429,0.5469179
5.19,0.5236,-0.2097322,0.5469179
5.2,0.5236,-0.2027273,0.5469179
5.21,0.5236,-0.1945207,0.5469179
5.22,0.5236,-0.1849731,0.55178
5.23,0.5236,-0.174505,0.5469179
5.24,0.5236,-0.1628832,0.5469179
5.25,0.5236,-0.1502642,0.5469179
5.26,0.5236,-0.136696,0.5469179
5.27,0.5236,-0.1225534,0.5469179
5.28,0.5236,-0.1076579,0.5469179
5.29,0.5236,-0.09209748,0.55178
5.3,0.5236,-0.07592617,0.5469179
5.31,0.5236,-0.05945331,0.5469179
5.32,0.5236,-0.04266878,0.55178
5.33,0.5236,-0.0255207,0.55178
5.34,0.5236,-0.008392788,0.5469179
5.35,0.5236,0.008634333,0.5469179
5.36,0.5236,0.02552829,0.5469179
5.37,0.5236,0.04220882,0.5469179
5.38,0.5236,0.05867837,0.55178
5.39,0.5236,0.07469879,0.5469179
5.4,0.5236,0.09034184,0.5469179
5.41,0.5236,0.105243,0.5469179
5.42,0.5236,0.1195129,0.5469179
5.43,0.5236,0.1328328,0.5469179
5.44,0.5236,0.1453205,0.5469179
5.45,0.5236,0.1569449,0.5469179
5.46,0.5236,0.1675442,0.55178
5.47,0.5236,0.1770246,0.5469179
5.48,0.5236,0.185359,0.5469179
5.49,0.5236,0.1925932,0.55178
5.5,0.5236,0.1984583,0.55178
5.51,0.5236,0.2030686,0.5469179
5.52,0.5236,0.2064853,0.55178
5.53,0.5236,0.2086784,0.55178
5.54,0.5236,0.2096812,0.55178
5.55,0.5236,0.2092448,0.5469179
5.56,0.5236,0.2073105,0.5469179
5.57,0.5236,0.2039714,0.55178
5.58,0.5236,0.1994766,0.5469179
5.59,0.5236,0.1938751,0.55178
5.6,0.5236,0.1872042,0.5469179
5.61,0.5236,0.1793246,0.55178
5.62,0.5236,0.1704105,0.55178
5.63,0.5236,0.1604902,0.5469179
5.64,0.5236,0.1495978,0.55178
5.65,0.5236,0.137826,0.5469179
5.66,0.5236,0.1251789,0.5469179
5.67,0.5236,0.1117833,0.55178
5.68,0.5236,0.09758072,0.5469179
5.69,0.5236,0.08296995,0.55178
5.7,0.5236,0.06794999,0.5469179
5.71,0.5236,0.05242735,0.5469179
5.72,0.5236,0.03673002,0.55178
5.73,0.5236,0.02096775,0.5469179
5.74,0.5236,0.005166359,0.5469179
5.75,0.5236,-0.01072619,0.5469179
5.76,0.5236,-0.02661185,0.5469179
5.77,0.5236,-0.0422507,0.5469179
5.78,0.5236,-0.05756833,0.5469179
5.79,0.5236,-0.07245758,0.5469179
5.8,0.5236,-0.08676462,0.55178
5.81,0.5236,-0.1005174,0.55178
5.82,0.5236,-0.1136294,0.5469179
5.83,0.5236,-0.1260443,0.5469179
5.84,0.5236,-0.1376078,0.55178
5.85,0.5236,-0.1482852,0.55178
5.86,0.5236,-0.1578784,0.5469179
5.87,0.5236,-0.1664872,0.55178
5.88,0.5236,-0.1739782,0.55178
5.89,0.5236,-0.1804145,0.5469179
5.9,0.5236,-0.1857886,0.55178
5.91,0.5236,-0.1899763,0.55178
5.92,0.5236,-0.1928738,0.5469179
5.93,0.5236,-0.1944346,0.55178
5.94,0.5236,-0.1948147,0.5469179
5.95,0.5236,-0.1940163,0.5469179
5.96,0.5236,-0.1921968,0.5469179
5.97,0.5236,-0.1892035,0.5469179
5.98,0.5236,-0.1850213,0.5469179
5.99,0.5236,-0.1796303,0.5469179
6,0.5236,-0.1730922,0.5469179
6.01,0.5236,-0.1655451,0.55178
6.02,0.5236,-0.1569835,0.5469179
6.03,0.5236,-0.147499,0.5469179
6.04,0.5236,-0.1371597,0.55178
6.05,0.5236,-0.1259633,0.5469179
6.06,0.5236,-0.1140779,0.5469179
6.07,0.5236,-0.1015555,0.55178
6.08,0.5236,-0.08830792,0.55178
6.09,0.5236,-0.07465507,0.5469179
6.1,0.5236,-0.06067926,0.5469179
6.11,0.5236,-0.04630352,0.5469179
6.12,0.5236,-0.03159661,0.5469179
6.13,0.5236,-0.01677141,0.5469179
6.14,0.5236,-0.001819339,0.5469179
6.15,0.5236,0.01291018,0.5469179
6.16,0.5236,0.0273668,0.5469179
6.17,0.5236,0.04156169,0.5469179
6.18,0.5236,0.05558624,0.5469179
6.19,0.5236,0.06921247,0.55178
6.2,0.5236,0.08243157,0.5469179
6.21,0.5236,0.095036,0.5469179
6.22,0.5236,0.1070641,0.55178
6.23,0.5236,0.1183476,0.55178
6.24,0.5236,0.1287654,0.55178
6.25,0.5236,0.1384455,0.5469179
6.26,0.5236,0.1472589,0.5469179
6.27,0.5236,0.1552087,0.5469179
6.28,0.5236,0.1619157,0.5469179
6.29,0.5236,0.1675906,0.5469179
6.3,0.5236,0.1722167,0.5469179
6.31,0.5236,0.1757483,0.5469179
6.32,0.5236,0.178215,0.55178
6.33,0.5236,0.1796129,0.55178
6.34,0.5236,0.1799062,0.5469179
6.35,0.5236,0.1790677,0.5469179
6.36,0.5236,0.1768656,0.55178
6.37,0.5236,0.1736318,0.5469179
6.38,0.5236,0.169431,0.5469179
6.39,0.5236,0.1641555,0.5469179
6.4,0.5236,0.1580454,0.55178
6.41,0.5236,0.1508581,0.55178
6.42,0.5236,0.142729,0.55178
6.43,0.5236,0.1337127,0.5469179
6.44,0.5236,0.1239386,0.5469179
6.45,0.5236,0.11342,0.5469179
6.46,0.5236,0.102354,0.5469179
6.47,0.5236,0.09073801,0.5469179
6.48,0.5236,0.07854832,0.5469179
6.49,0.5236,0.06585649,0.5566425
6.5,0.5236,0.05275489,0.5469179
6.51,0.5236,0.03936954,0.5469179
6.52,0.5236,0.02577987,0.5469179
6.53,0.5236,0.01218216,0.5469179
6.54,0.5236,-0.001311654,0.5469179
6.55,0.5236,-0.01479572,0.5469179
6.56,0.5236,-0.02826335,0.55178
6.57,0.5236,-0.04159289,0.5469179
6.58,0.5236,-0.05465291,0.5469179
6.59,0.5236,-0.06720942,0.5469179
6.6,0.5236,-0.07919256,0.5469179
6.61,0.5236,-0.0907209,0.5469179
6.62,0.5236,-0.1015815,0.5469179
6.63,0.5236,-0.1118428,0.5469179
6.64,0.5236,-0.1213729,0.5469179
6.65,0.5236,-0.1300646,0.5469179
6.66,0.5236,-0.1379124,0.5469179
6.67,0.5236,-0.1448293,0.55178
6.68,0.5236,-0.1509285,0.5469179
6.69,0.5236,-0.1559904,0.55178
6.7,0.5236,-0.1601736,0.5469179
6.71,0.5236,-0.1632835,0.5469179
6.72,0.5236,-0.1652331,0.55178
6.73,0.5236,-0.1660606,0.5469179
6.74,0.5236,-0.1659169,0.5469179
6.75,0.5236,-0.1648202,0.5469179
6.76,0.5236,-0.1627858,0.55178
6.77,0.5236,-0.1597807,0.5469179
6.78,0.5236,-0.1556577,0.5469179
6.79,0.5236,-0.1504968,0.5469179
6.8,0.5236,-0.1446188,0.55178
6.81,0.5236,-0.1377057,0.5469179
6.82,0.5236,-0.1300175,0.5469179
6.83,0.5236,-0.1215941,0.55178
6.84,0.5236,-0.1124498,0.5469179
6.85,0.5236,-0.1026326,0.5469179
6.86,0.5236,-0.09216526,0.55178
6.87,0.5236,-0.08116224,0.5469179
6.88,0.5236,-0.06975345,0.55178
6.89,0.5236,-0.05795704,0.5469179
6.9,0.5236,-0.04589304,0.5469179
6.91,0.5236,-0.03359094,0.5469179
6.92,0.5236,-0.02106427,0.55178
6.93,0.5236,-0.008483275,0.5469179
6.94,0.5236,0.004143554,0.5469179
6.95,0.5236,0.01664083,0.5469179
6.96,0.5236,0.02890583,0.55178
6.97,0.5236,0.04091833,0.5469179
6.98,0.5236,0.05257044,0.5469179
6.99,0.5236,0.06396407,0.5469179
7,0.5236,0.07492842,0.5469179
7.01,0.5236,0.08541317,0.55178
7.02,0.5236,0.09533215,0.55178
7.03,0.5236,0.1045121,0.55178
7.04,0.5236,0.1129599,0.5469179
7.05,0.5236,0.1206961,0.55178
7.06,0.5236,0.1275982,0.5469179
7.07,0.5236,0.1337698,0.5469179
7.08,0.5236,0.1390176,0.5469179
7.09,0.5236,0.1433428,0.5469179
7.1,0.5236,0.1467179,0.55178
7.11,0.5236,0.1492445,0.55178
7.12,0.5236,0.1509041,0.55178
7.13,0.5236,0.1516227,0.5469179
7.14,0.5236,0.1512806,0.55178
7.15,0.5236,0.1499638,0.5469179
7.16,0.5236,0.1476094,0.55178
7.17,0.5236,0.1444152,0.5469179
7.18,0.5236,0.1402751,0.5469179
7.19,0.5236,0.1353969,0.55178
7.2,0.5236,0.1296141,0.5469179
7.21,0.5236,0.123058,0.55178
7.22,0.5236,0.115862,0.55178
7.23,0.5236,0.1079038,0.5469179
7.24,0.5236,0.09935536,0.55178
7.25,0.5236,0.09019568,0.55178
7.26,0.5236,0.08051903,0.5469179
7.27,0.5236,0.07029909,0.5469179
7.28,0.5236,0.05972208,0.5469179
7.29,0.5236,0.04882732,0.55178
7.3,0.5236,0.03760136,0.5469179
7.31,0.5236,0.02618749,0.5469179
7.32,0.5236,0.01472084,0.5469179
7.33,0.5236,0.003336872,0.55178
7.34,0.5236,-0.008070016,0.5469179
7.35,0.5236,-0.0194367,0.55178
7.36,0.5236,-0.030694,0.5469179
7.37,0.5236,-0.04178021,0.55178
7.38,0.5236,-0.05247018,0.5469179
7.39,0.5236,-0.06281488,0.5469179
7.4,0.5236,-0.07266915,0.5469179
7.41,0.5236,-0.08201265,0.5469179
7.42,0.5236,-0.0907534,0.5469179
7.43,0.5236,-0.09893392,0.5469179
7.44,0.5236,-0.1065815,0.5469179
7.45,0.5236,-0.1134403,0.5469179
7.46,0.5236,-0.1195571,0.5469179
7.47,0.5236,-0.1247946,0.55178
7.48,0.5236,-0.1293129,0.5469179
7.49,0.5236,-0.1330054,0.5469179
7.5,0.5236,-0.1359117,0.55178
7.51,0.5236,-0.1379192,0.5469179
7.52,0.5236,-0.1389823,0.5469179
7.53,0.5236,-0.1390958,0.55178
7.54,0.5236,-0.1383699,0.5469179
7.55,0.5236,-0.1369009,0.5469179
7.56,0.5236,-0.1345682,0.55178
7.57,0.5236,-0.131582,0.5469179
7.58,0.5236,-0.1276507,0.55178
7.59,0.5236,-0.1228775,0.5469179
7.6,0.5236,-0.1174537,0.5469179
7.61,0.5236,-0.111347,0.5469179
7.62,0.5236,-0.1044407,0.5469179
7.63,0.5236,-0.09693691,0.55178
7.64,0.5236,-0.08887872,0.55178
7.65,0.5236,-0.08031274,0.5469179
7.66,0.5236,-0.07123883,0.5469179
7.67,0.5236,-0.06180939,0.5469179
7.68,0.5236,-0.05208256,0.5469179
7.69,0.5236,-0.04202986,0.5469179
7.7,0.5236,-0.03177936,0.5469179
7.71,0.5236,-0.02143707,0.5469179
7.72,0.5236,-0.01093051,0.55178
7.73,0.5236,-0.0002834031,0.5469179
7.74,0.5236,0.01031229,0.55178
7.75,0.5236,0.0206977,0.5469179
7.76,0.5236,0.03067695,0.55178
7.77,0.5236,0.04044104,0.5469179
7.78,0.5236,0.05004433,0.5469179
7.79,0.5236,0.05926685,0.5469179
7.8,0.5236,0.06809259,0.5469179
7.81,0.5236,0.07643609,0.5469179
7.82,0.5236,0.08429763,0.5469179
7.83,0.5236,0.09151267,0.5469179
7.84,0.5236,0.09817643,0.5469179
7.85,0.5236,0.104148,0.55178
7.86,0.5236,0.1094395,0.5469179
7.87,0.5236,0.1140501,0.5469179
7.88,0.5236,0.1179819,0.5469179
7.89,0.5236,0.1211295,0.5469179
7.9,0.5236,0.1233981,0.55178
7.91,0.5236,0.1248319,0.5469179
7.92,0.5236,0.1255651,0.55178
7.93,0.5236,0.1255463,0.5469179
7.94,0.5236,0.1248322,0.55178
7.95,0.5236,0.1232131,0.55178
7.96,0.5236,0.120728,0.5469179
7.97,0.5236,0.1173796,0.55178
7.98,0.5236,0.1133057,0.55178
7.99,0.5236,0.108622,0.5469179
8,0.5236,0.1032507,0.55178
8.01,0.5236,0.09737848,0.5469179
8.02,0.5236,0.09095002,0.5469179
8.03,0.5236,0.08410155,0.5469179
8.04,0.5236,0.07660091,0.55178
8.05,0.5236,0.06862623,0.55178
8.06,0.5236,0.06036878,0.55178
8.07,0.5236,0.05178992,0.5469179
8.08,0.5236,0.04286022,0.55178
8.09,0.5236,0.03372866,0.55178
8.1,0.5236,0.02445311,0.55178
8.11,0.5236,0.01500236,0.5469179
8.12,0.5236,0.005491431,0.5469179
8.13,0.5236,-0.003911562,0.5469179
8.14,0.5236,-0.01324244,0.5469179
8.15,0.5236,-0.02247061,0.5469179
8.16,0.5236,-0.03168993,0.55178
8.17,0.5236,-0.04063262,0.55178
8.18,0.5236,-0.04921749,0.5469179
8.19,0.5236,-0.05742219,0.5469179
8.2,0.5236,-0.06527913,0.5469179
8.21,0.5236,-0.07255404,0.55178
8.22,0.5236,-0.07942522,0.55178
8.23,0.5236,-0.0858282,0.5469179
8.24,0.5236,-0.09158678,0.5469179
8.25,0.5236,-0.09674367,0.55178
8.26,0.5236,-0.1012286,0.55178
8.27,0.5236,-0.1050661,0.55178
8.28,0.5236,-0.1082242,0.5469179
8.29,0.5236,-0.1107925,0.55178
8.3,0.5236,-0.1125768,0.5469179
8.31,0.5236,-0.1135991,0.5469179
8.32,0.5236,-0.1139169,0.55178
8.33,0.5236,-0.1133807,0.5469179
8.34,0.5236,-0.1121941,0.5469179
8.35,0.5236,-0.1103816,0.5469179
8.36,0.5236,-0.10793,0.5469179
8.37,0.5236,-0.1048749,0.5469179
8.38,0.5236,-0.1011606,0.5469179
8.39,0.5236,-0.09681141,0.55178
8.4,0.5236,-0.09188445,0.5469179
8.41,0.5236,-0.08649203,0.5469179
8.42,0.5236,-0.08047228,0.5469179
8.43,0.5236,-0.07395571,0.55178
8.44,0.5236,-0.06698593,0.55178
8.45,0.5236,-0.05970921,0.5469179
8.46,0.5236,-0.05207932,0.5469179
8.47,0.5236,-0.04405737,0.5469179
8.48,0.5236,-0.03577294,0.55178
8.49,0.5236,-0.02753205,0.5469179
8.5,0.5236,-0.01914328,0.5469179
8.51,0.5236,-0.01062645,0.5469179
8.52,0.5236,-0.002009598,0.5469179
8.53,0.5236,0.006572606,0.5469179
8.54,0.5236,0.015062,0.5469179
8.55,0.5236,0.02340164,0.5469179
8.56,0.5236,0.03134398,0.5469179
8.57,0.5236,0.0391495,0.5469179
8.58,0.5236,0.04666749,0.55178
8.59,0.5236,0.05375225,0.55178
8.6,0.5236,0.0606164,0.55178
8.61,0.5236,0.06702669,0.55178
8.62,0.5236,0.07301945,0.55178
8.63,0.5236,0.07855029,0.55178
8.64,0.5236,0.08349564,0.5469179
8.65,0.5236,0.08781654,0.5469179
8.66,0.5236,0.09161893,0.5469179
8.67,0.5236,0.09478707,0.55178
8.68,0.5236,0.09734087,0.55178
8.69,0.5236,0.09917939,0.5469179
8.7,0.5236,0.1004635,0.55178
8.71,0.5236,0.1011176,0.5469179
8.72,0.5236,0.1011185,0.5469179
8.73,0.5236,0.1005789,0.5469179
8.74,0.5236,0.09926656,0.5469179
8.75,0.5236,0.0973886,0.5469179
8.76,0.5236,0.09478296,0.55178
8.77,0.5236,0.09157014,0.5469179
8.78,0.5236,0.08795116,0.5469179
8.79,0.5236,0.08378586,0.5469179
8.8,0.5236,0.07913434,0.5469179
8.81,0.5236,0.07399907,0.5469179
8.82,0.5236,0.068564,0.5469179
8.83,0.5236,0.0625525,0.5469179
8.84,0.5236,0.05613044,0.5469179
8.85,0.5236,0.04953587,0.5469179
8.86,0.5236,0.04260449,0.5469179
8.87,0.5236,0.03538103,0.5469179
8.88,0.5236,0.02806065,0.55178
8.89,0.5236,0.02054565,0.5469179
8.9,0.5236,0.01294535,0.5469179
8.91,0.5236,0.005313142,0.55178
8.92,0.5236,-0.002189785,0.55178
8.93,0.5236,-0.009654054,0.55178
8.94,0.5236,-0.01700122,0.5469179
8.95,0.5236,-0.02431251,0.55178
8.96,0.5236,-0.03151832,0.5469179
8.97,0.5236,-0.03850763,0.5469179
8.98,0.5236,-0.04516134,0.5469179
8.99,0.5236,-0.05140458,0.5469179
9,0.5236,-0.05728832,0.5469179
9.01,0.5236,-0.06277694,0.5469179
9.02,0.5236,-0.06782923,0.5469179
9.03,0.5236,-0.07248486,0.55178
9.04,0.5236,-0.07658865,0.5469179
9.05,0.5236,-0.08017709,0.5469179
9.06,0.5236,-0.08322972,0.5469179
9.07,0.5236,-0.0858117,0.55178
9.08,0.5236,-0.08777013,0.55178
9.09,0.5236,-0.08919464,0.5566425
9.1,0.5236,-0.09006096,0.5469179
9.11,0.5236,-0.09032935,0.5469179
9.12,0.5236,-0.08987188,0.55178
9.13,0.5236,-0.08894344,0.5469179
9.14,0.5236,-0.08743102,0.5469179
9.15,0.5236,-0.08552375,0.5469179
9.16,0.5236,-0.08309186,0.55178
9.17,0.5236,-0.08013815,0.5469179
9.18,0.5236,-0.07662993,0.55178
9.19,0.5236,-0.0726689,0.5469179
9.2,0.5236,-0.06824187,0.5469179
9.21,0.5236,-0.06344055,0.55178
9.22,0.5236,-0.0583106,0.5469179
9.23,0.5236,-0.05288619,0.5469179
9.24,0.5236,-0.04707341,0.55178
9.25,0.5236,-0.04091278,0.5469179
9.26,0.5236,-0.03468428,0.5469179
9.27,0.5236,-0.02822798,0.5469179
9.28,0.5236,-0.02174727,0.55178
9.29,0.5236,-0.01513608,0.55178
9.3,0.5236,-0.008438092,0.5469179
9.31,0.5236,-0.001755386,0.55178
9.32,0.5236,0.004970871,0.55178
9.33,0.5236,0.01170063,0.5469179
9.34,0.5236,0.01827363,0.5469179
9.35,0.5236,0.02461283,0.5469179
9.36,0.5236,0.03067455,0.5469179
9.37,0.5236,0.03656935,0.5469179
9.38,0.5236,0.04207109,0.5469179
9.39,0.5236,0.04739955,0.55178
9.4,0.5236,0.05239775,0.5469179
9.41,0.5236,0.05703405,0.5469179
9.42,0.5236,0.06131065,0.5469179
9.43,0.5236,0.06507693,0.5469179
9.44,0.5236,0.0683995,0.5469179
9.45,0.5236,0.07131201,0.55178
9.46,0.5236,0.07385921,0.5469179
9.47,0.5236,0.07579006,0.5469179
9.48,0.5236,0.07729877,0.5469179
9.49,0.5236,0.07824501,0.5469179
9.5,0.5236,0.07854325,0.5469179
9.51,0.5236,0.07839043,0.5469179
9.52,0.5236,0.07791263,0.5469179
9.53,0.5236,0.07698789,0.5469179
9.54,0.5236,0.07537987,0.5469179
9.55,0.5236,0.07322934,0.5469179
9.56,0.5236,0.07065259,0.5469179
9.57,0.5236,0.06766409,0.5469179
9.58,0.5236,0.06432492,0.5469179
9.59,0.5236,0.06056112,0.55178
9.6,0.5236,0.05645508,0.5469179
9.61,0.5236,0.05213203,0.5469179
9.62,0.5236,0.04744681,0.55178
9.63,0.5236,0.04247707,0.5469179
9.64,0.5236,0.03725421,0.5469179
9.65,0.5236,0.0318064,0.5469179
9.66,0.5236,0.02631506,0.55178
9.67,0.5236,0.02061708,0.5469179
9.68,0.5236,0.01491704,0.5469179
9.69,0.5236,0.009015993,0.5469179
9.7,0.5236,0.003140232,0.5469179
9.71,0.5236,-0.002722535,0.55178
9.72,0.5236,-0.008460671,0.5469179
9.73,0.5236,-0.01406691,0.55178
9.74,0.5236,-0.01959376,0.5469179
9.75,0.5236,-0.02503922,0.55178
9.76,0.5236,-0.03035945,0.5469179
9.77,0.5236,-0.03541425,0.5469179
9.78,0.5236,-0.04016506,0.55178
9.79,0.5236,-0.04461693,0.5469179
9.8,0.5236,-0.04874114,0.55178
9.81,0.5236,-0.05243221,0.55178
9.82,0.5236,-0.05589498,0.5469179
9.83,0.5236,-0.05895396,0.5469179
9.84,0.5236,-0.06161334,0.5469179
9.85,0.5236,-0.06386248,0.55178
9.86,0.5236,-0.06573799,0.55178
9.87,0.5236,-0.06713809,0.5469179
9.88,0.5236,-0.06815229,0.55178
9.89,0.5236,-0.06865828,0.5469179
9.9,0.5236,-0.06873887,0.55178
9.91,0.5236,-0.06825802,0.55178
9.92,0.5236,-0.06730562,0.5469179
9.93,0.5236,-0.06590102,0.55178
9.94,0.5236,-0.06418011,0.5469179
9.95,0.5236,-0.06225454,0.5469179
9.96,0.5236,-0.05997119,0.55178
9.97,0.5236,-0.0573219,0.5469179
9.98,0.5236,-0.05430819,0.5469179
9.99,0.5236,-0.0509047,0.55178
10,0.5236,-0.04715633,0.5469179
10.01,0.5236,-0.04311817,0.5469179
10.02,0.5236,-0.03887519,0.5469179
10.03,0.5236,-0.0342695,0.5469179
10.04,0.5236,-0.02967179,0.5469179
10.05,0.5236,-0.02499698,0.55178
10.06,0.5236,-0.02011167,0.5469179
10.07,0.5236,-0.01510166,0.55178
10.08,0.5236,-0.01009306,0.5469179
10.09,0.5236,-0.005046608,0.55178
10.1,0.5236,-2.045245e-05,0.5469179
10.11,0.5236,0.004978232,0.55178
10.12,0.5236,0.009967397,0.55178
10.13,0.5236,0.01497876,0.5469179
10.14,0.5236,0.01980351,0.55178
10.15,0.5236,0.02430692,0.55178
10.16,0.5236,0.02864066,0.5469179
10.17,0.5236,0.0326543,0.55178
10.18,0.5236,0.03652366,0.55178
10.19,0.5236,0.04014819,0.5469179
10.2,0.5236,0.04362849,0.5469179
10.21,0.5236,0.04671211,0.5469179
10.22,0.5236,0.04941615,0.5469179
10.23,0.5236,0.05181706,0.5469179
10.24,0.5236,0.05382403,0.5469179
10.25,0.5236,0.05539638,0.55178
10.26,0.5236,0.05672155,0.55178
10.27,0.5236,0.05764795,0.55178
10.28,0.5236,0.05811118,0.5469179
10.29,0.5236,0.05816598,0.55178
10.3,0.5236,0.0578856,0.55178
10.31,0.5236,0.0573322,0.5469179
10.32,0.5236,0.05655469,0.5469179
10.33,0.5236,0.05527709,0.55178
10.34,0.5236,0.05359817,0.55178
10.35,0.5236,0.05155875,0.55178
10.36,0.5236,0.04913329,0.55178
10.37,0.5236,0.04647034,0.5469179
10.38,0.5236,0.04360176,0.55178
10.39,0.5236,0.04048165,0.55178
10.4,0.5236,0.03715781,0.5469179
10.41,0.5236,0.03368938,0.55178
10.42,0.5236,0.02988108,0.5469179
10.43,0.5236,0.02599096,0.55178
10.44,0.5236,0.02192844,0.55178
10.45,0.5236,0.0177974,0.55178
10.46,0.5236,0.01354839,0.55178
10.47,0.5236,0.009356277,0.55178
10.48,0.5236,0.005061419,0.55178
10.49,0.5236,0.0007384893,0.5469179
10.5,0.5236,-0.003514318,0.55178
10.51,0.5236,-0.007684782,0.55178
10.52,0.5236,-0.01172287,0.5469179
10.53,0.5236,-0.01564977,0.5469179
10.54,0.5236,-0.019534,0.55178
10.55,0.5236,-0.02336928,0.55178
10.56,0.5236,-0.02705485,0.55178
10.57,0.5236,-0.03042168,0.5469179
10.58,0.5236,-0.03359411,0.55178
10.59,0.5236,-0.03645494,0.5469179
10.6,0.5236,-0.03901838,0.55178
10.61,0.5236,-0.04127939,0.5469179
10.62,0.5236,-0.04333581,0.5469179
10.63,0.5236,-0.04508176,0.5469179
10.64,0.5236,-0.04661616,0.55178
10.65,0.5236,-0.04779178,0.5469179
10.66,0.5236,-0.04854927,0.5469179
10.67,0.5236,-0.04904363,0.55178
10.68,0.5236,-0.04921622,0.55178
10.69,0.5236,-0.04902737,0.5469179
10.7,0.5236,-0.04850679,0.5469179
10.71,0.5236,-0.04767888,0.5469179
10.72,0.5236,-0.04641604,0.5469179
10.73,0.5236,-0.04480367,0.5469179
10.74,0.5236,-0.04314945,0.5469179
10.75,0.5236,-0.04139539,0.5469179
10.76,0.5236,-0.03926403,0.5469179
10.77,0.5236,-0.03699926,0.5469179
10.78,0.5236,-0.03437166,0.5469179
10.79,0.5236,-0.03143778,0.55178
10.8,0.5236,-0.02840666,0.5469179
10.81,0.5236,-0.02536279,0.5469179
10.82,0.5236,-0.02205502,0.5469179
10.83,0.5236,-0.01879069,0.55178
10.84,0.5236,-0.01541833,0.5469179
10.85,0.5236,-0.01180323,0.5469179
10.86,0.5236,-0.008213183,0.5469179
10.87,0.5236,-0.004621918,0.5469179
10.88,0.5236,-0.001062602,0.55178
10.89,0.5236,0.0025438,0.5469179
10.9,0.5236,0.006048496,0.55178
10.91,0.5236,0.009609345,0.5469179
10.92,0.5236,0.01307032,0.55178
10.93,0.5236,0.01643159,0.5469179
10.94,0.5236,0.019478,0.5469179
10.95,0.5236,0.02225808,0.5469179
10.96,0.5236,0.02476244,0.55178
10.97,0.5236,0.02721831,0.5469179
10.98,0.5236,0.02963219,0.55178
10.99,0.5236,0.0318168,0.55178
11,0.5236,0.03383312,0.5469179
11.01,0.5236,0.03560155,0.5469179
11.02,0.5236,0.03694051,0.5469179
11.03,0.5236,0.03812096,0.5469179
11.04,0.5236,0.03909487,0.55178
11.05,0.5236,0.03986751,0.55178
11.06,0.5236,0.0403158,0.55178
11.07,0.5236,0.04033848,0.5469179
11.08,0.5236,0.0401387,0.5469179
11.09,0.5236,0.03965236,0.55178
11.1,0.5236,0.03899322,0.5469179
11.11,0.5236,0.03818085,0.55178
11.12,0.5236,0.03715208,0.5469179
11.13,0.5236,0.03577797,0.55178
11.14,0.5236,0.03412784,0.5469179
11.15,0.5236,0.03210392,0.5469179
11.16,0.5236,0.03001519,0.5469179
11.17,0.5236,0.02778428,0.5469179
11.18,0.5236,0.0254499,0.5469179
11.19,0.5236,0.02319783,0.55178
11.2,0.5236,0.0206989,0.55178
11.21,0.5236,0.01803615,0.5469179
11.22,0.5236,0.01530895,0.5469179
11.23,0.5236,0.01244445,0.55178
11.24,0.5236,0.009455287,0.5469179
11.25,0.5236,0.006596023,0.5469179
11.26,0.5236,0.003672115,0.5469179
11.27,0.5236,0.0007172507,0.5469179
11.28,0.5236,-0.00213049,0.55178
11.29,0.5236,-0.004909407,0.5469179
11.3,0.5236,-0.007582539,0.55178
11.31,0.5236,-0.01016556,0.5469179
11.32,0.5236,-0.01257813,0.55178
11.33,0.5236,-0.01501946,0.55178
11.34,0.5236,-0.01748863,0.5469179
11.35,0.5236,-0.01986223,0.55178
11.36,0.5236,-0.02207484,0.5469179
11.37,0.5236,-0.02407204,0.5469179
11.38,0.5236,-0.02572231,0.5469179
11.39,0.5236,-0.02709357,0.5469179
11.4,0.5236,-0.02841025,0.5469179
11.41,0.5236,-0.02952896,0.5469179
11.42,0.5236,-0.03043016,0.55178
11.43,0.5236,-0.03118644,0.5469179
11.44,0.5236,-0.03167992,0.5469179
11.45,0.5236,-0.03183982,0.55178
11.46,0.5236,-0.03188749,0.55178
11.47,0.5236,-0.03175307,0.55178
11.48,0.5236,-0.03137663,0.5469179
11.49,0.5236,-0.03084159,0.5469179
11.5,0.5236,-0.03007618,0.5469179
11.51,0.5236,-0.02901485,0.5469179
11.52,0.5236,-0.02776548,0.5469179
11.53,0.5236,-0.02643999,0.5469179
11.54,0.5236,-0.02514301,0.5469179
11.55,0.5236,-0.02380694,0.5469179
11.56,0.5236,-0.02223308,0.55178
11.57,0.5236,-0.02039121,0.55178
11.58,0.5236,-0.01842741,0.5469179
11.59,0.5236,-0.01631283,0.5469179
11.6,0.5236,-0.01406025,0.5469179
11.61,0.5236,-0.01191891,0.5469179
11.62,0.5236,-0.009649856,0.5469179
11.63,0.5236,-0.007414913,0.5469179
11.64,0.5236,-0.005111417,0.5469179
11.65,0.5236,-0.002802163,0.5469179
11.66,0.5236,-0.0005785257,0.5469179
11.67,0.5236,0.001647631,0.5469179
11.68,0.5236,0.003899642,0.5469179
11.69,0.5236,0.006104943,0.55178
11.7,0.5236,0.008247413,0.5469179
11.71,0.5236,0.01045237,0.55178
11.72,0.5236,0.01258227,0.55178
11.73,0.5236,0.01440043,0.55178
11.74,0.5236,0.01598607,0.5469179
11.75,0.5236,0.01745852,0.5469179
11.76,0.5236,0.018824,0.5469179
11.77,0.5236,0.02012336,0.5469179
11.78,0.5236,0.02138551,0.5469179
11.79,0.5236,0.02239632,0.55178
11.8,0.5236,0.0231981,0.55178
11.81,0.5236,0.02388994,0.55178
11.82,0.5236,0.02436782,0.55178
11.83,0.5236,0.02459933,0.55178
11.84,0.5236,0.02474891,0.55178
11.85,0.5236,0.02467714,0.55178
11.86,0.5236,0.02446404,0.55178
11.87,0.5236,0.02413114,0.55178
11.88,0.5236,0.02364056,0.55178
11.89,0.5236,0.02305239,0.5469179
11.9,0.5236,0.02239482,0.5469179
11.91,0.5236,0.02163969,0.5469179
11.92,0.5236,0.02070875,0.5469179
11.93,0.5236,0.01940995,0.5469179
11.94,0.5236,0.01794712,0.5469179
11.95,0.5236,0.01644423,0.55178
11.96,0.5236,0.01494956,0.5469179
11.97,0.5236,0.01365738,0.5469179
11.98,0.5236,0.01211371,0.5469179
11.99,0.5236,0.01040412,0.5469179
12,0.5236,0.008815579,0.55178
12.01,0.5236,0.007140731,0.5469179
12.02,0.5236,0.005344237,0.5469179
12.03,0.5236,0.003610631,0.5469179
12.04,0.5236,0.001854705,0.55178
12.05,0.5236,0.0001120937,0.5469179
12.06,0.5236,-0.001655645,0.5469179
12.07,0.5236,-0.003185168,0.5469179
12.08,0.5236,-0.004698636,0.55178
12.09,0.5236,-0.006329095,0.55178
12.1,0.5236,-0.007763213,0.5469179
12.11,0.5236,-0.009037415,0.55178
12.12,0.5236,-0.01028666,0.55178
12.13,0.5236,-0.01164256,0.5469179
12.14,0.5236,-0.01290037,0.55178
12.15,0.5236,-0.01413486,0.55178
12.16,0.5236,-0.01517888,0.5469179
12.17,0.5236,-0.01593252,0.5469179
12.18,0.5236,-0.01647097,0.55178
12.19,0.5236,-0.01705534,0.5469179
12.2,0.5236,-0.01741671,0.5469179
12.21,0.5236,-0.01769464,0.5469179
12.22,0.5236,-0.01781908,0.5469179
12.23,0.5236,-0.01778984,0.5469179
12.24,0.5236,-0.01770084,0.55178
12.25,0.5236,-0.0175498,0.5469179
12.26,0.5236,-0.01728224,0.5469179
12.27,0.5236,-0.01685509,0.5469179
12.28,0.5236,-0.01630536,0.55178
12.29,0.5236,-0.0156643,0.5469179
12.3,0.5236,-0.01484104,0.5469179
12.31,0.5236,-0.01401102,0.5469179
12.32,0.5236,-0.01321231,0.55178
12.33,0.5236,-0.01244232,0.5469179
12.34,0.5236,-0.01152311,0.5469179
12.35,0.5236,-0.01061756,0.55178
12.36,0.5236,-0.009602776,0.55178
12.37,0.5236,-0.008400196,0.5469179
12.38,0.5236,-0.007186041,0.5469179
12.39,0.5236,-0.005948089,0.55178
12.4,0.5236,-0.004664681,0.55178
12.41,0.5236,-0.003463894,0.55178
12.42,0.5236,-0.002281051,0.55178
12.43,0.5236,-0.001044989,0.55178
12.44,0.5236,0.0001334614,0.5469179
12.45,0.5236,0.001226048,0.5469179
12.46,0.5236,0.002360954,0.55178
12.47,0.5236,0.00352647,0.55178
12.48,0.5236,0.004620073,0.55178
12.49,0.5236,0.005787103,0.55178
12.5,0.5236,0.006904039,0.55178
12.51,0.5236,0.0077175,0.55178
12.52,0.5236,0.00841797,0.55178
12.53,0.5236,0.009081056,0.55178
12.54,0.5236,0.009765711,0.5469179
12.55,0.5236,0.0103679,0.5469179
12.56,0.5236,0.01091758,0.5469179
12.57,0.5236,0.01131104,0.5469179
12.58,0.5236,0.01163423,0.5469179
12.59,0.5236,0.01186835,0.5469179
12.6,0.5236,0.01199031,0.5469179
12.61,0.5236,0.01200672,0.5469179
12.62,0.5236,0.01200524,0.5469179
12.63,0.5236,0.01200751,0.55178
12.64,0.5236,0.01178223,0.55178
12.65,0.5236,0.01147551,0.55178
12.66,0.5236,0.01116954,0.5469179
12.67,0.5236,0.01074404,0.5469179
12.68,0.5236,0.01041058,0.55178
12.69,0.5236,0.009985087,0.5469179
12.7,0.5236,0.009344624,0.55178
12.71,0.5236,0.00866937,0.55178
12.72,0.5236,0.00797615,0.5469179
12.73,0.5236,0.00720368,0.5469179
12.74,0.5236,0.006472354,0.5469179
12.75,0.5236,0.005657182,0.55178
12.76,0.5236,0.004933248,0.5469179
12.77,0.5236,0.00419423,0.55178
12.78,0.5236,0.003323481,0.5469179
12.79,0.5236,0.002507251,0.55178
12.8,0.5236,0.001684033,0.55178
12.81,0.5236,0.0009940532,0.55178
12.82,0.5236,0.0002945711,0.5469179
12.83,0.5236,-0.0005379132,0.55178
12.84,0.5236,-0.001299939,0.5469179
12.85,0.5236,-0.001990386,0.5469179
12.86,0.5236,-0.002639446,0.55178
12.87,0.5236,-0.00317687,0.55178
12.88,0.5236,-0.003643122,0.5469179
12.89,0.5236,-0.004100244,0.5469179
12.9,0.5236,-0.004618418,0.5469179
12.91,0.5236,-0.005227139,0.5469179
12.92,0.5236,-0.005827399,0.5469179
12.93,0.5236,-0.0062726,0.55178
12.94,0.5236,-0.006497403,0.55178
12.95,0.5236,-0.006744887,0.5469179
12.96,0.5236,-0.006941206,0.55178
12.97,0.5236,-0.007100834,0.5469179
12.98,0.5236,-0.007166303,0.55178
12.99,0.5236,-0.00706276,0.55178
13,0.5236,-0.006958972,0.55178
13.01,0.5236,-0.006794346,0.55178
13.02,0.5236,-0.006644944,0.5469179
13.03,0.5236,-0.006505751,0.55178
13.04,0.5236,-0.006287913,0.5469179
13.05,0.5236,-0.006059684,0.5469179
13.06,0.5236,-0.005701002,0.55178
13.07,0.5236,-0.005230428,0.5469179
13.08,0.5236,-0.004774632,0.5469179
13.09,0.5236,-0.004361995,0.5469179
13.1,0.5236,-0.003977645,0.55178
13.11,0.5236,-0.003733302,0.5469179
13.12,0.5236,-0.003376224,0.55178
13.13,0.5236,-0.003007228,0.5469179
13.14,0.5236,-0.002525959,0.5469179
13.15,0.5236,-0.001970769,0.5469179
13.16,0.5236,-0.001445122,0.5469179
13.17,0.5236,-0.0009577962,0.5469179
13.18,0.5236,-0.0006300405,0.5469179
13.19,0.5236,-0.0002385135,0.55178
13.2,0.5236,0.0002325708,0.55178
13.21,0.5236,0.0006415122,0.55178
13.22,0.5236,0.0009911058,0.5469179
13.23,0.5236,0.001285486,0.55178
13.24,0.5236,0.001730397,0.5469179
13.25,0.5236,0.002129236,0.5469179
13.26,0.5236,0.002574273,0.5469179
13.27,0.5236,0.003059969,0.5469179
13.28,0.5236,0.003332428,0.5469179
13.29,0.5236,0.003463938,0.5469179
13.3,0.5236,0.003526727,0.5469179
13.31,0.5236,0.003501115,0.5469179
13.32,0.5236,0.003483753,0.5469179
13.33,0.5236,0.003586795,0.5469179
13.34,0.5236,0.003619735,0.5469179
13.35,0.5236,0.003652524,0.5469179
13.36,0.5236,0.003520305,0.55178
13.37,0.5236,0.003518165,0.5469179
13.38,0.5236,0.003368125,0.55178
13.39,0.5236,0.003290702,0.5469179
13.4,0.5236,0.003251411,0.55178
13.41,0.5236,0.003113735,0.55178
13.42,0.5236,0.00297427,0.5469179
13.43,0.5236,0.002858759,0.5469179
13.44,0.5236,0.002649827,0.5469179
13.45,0.5236,0.002497834,0.5469179
13.46,0.5236,0.002453492,0.55178
13.47,0.5236,0.00235513,0.5469179
13.48,0.5236,0.002200834,0.55178
13.49,0.5236,0.001892784,0.5469179
13.5,0.5236,0.001523558,0.5469179
13.51,0.5236,0.001256151,0.5469179
13.52,0.5236,0.00109295,0.5469179
13.53,0.5236,0.0009376168,0.5469179
13.54,0.5236,0.0008189772,0.5469179
13.55,0.5236,0.0007425181,0.55178
13.56,0.5236,0.0006000584,0.5469179
13.57,0.5236,0.0003619386,0.5469179
13.58,0.5236,0.000225057,0.5469179
13.59,0.5236,6.117384e-05,0.55178
13.6,0.5236,-4.055622e-05,0.5469179
13.61,0.5236,-0.00010422,0.5469179
13.62,0.5236,-0.0002116657,0.5469179
13.63,0.5236,-0.0002432797,0.5469179
13.64,0.5236,-0.0002535979,0.5469179
13.65,0.5236,-0.0002159736,0.55178
13.66,0.5236,-0.0001256637,0.55178
13.67,0.5236,-5.546748e-05,0.5469179
13.68,0.5236,4.235306e-06,0.5469179
13.69,0.5236,-0.0001284842,0.5469179
13.7,0.5236,-0.0002489641,0.55178
13.71,0.5236,-0.0003028235,0.5469179
13.72,0.5236,-0.0004028007,0.5469179
13.73,0.5236,-0.0003909242,0.5469179
13.74,0.5236,-0.0003303101,0.5469179
13.75,0.5236,-0.0002670655,0.55178
13.76,0.5236,-0.000242511,0.5469179
13.77,0.5236,-0.0001400337,0.5469179
13.78,0.5236,-0.000119679,0.55178
13.79,0.5236,-0.0001342926,0.5469179
13.8,0.5236,-6.772647e-05,0.5469179
13.81,0.5236,-3.004853e-05,0.55178
13.82,0.5236,-0.000150461,0.55178
13.83,0.5236,-0.0001853404,0.55178
13.84,0.5236,-0.0001434286,0.5469179
13.85,0.5236,-8.163666e-05,0.5469179
13.86,0.5236,-6.534042e-05,0.5469179
13.87,0.5236,2.249421e-05,0.5469179
13.88,0.5236,5.268768e-05,0.55178
13.89,0.5236,-0.0001048522,0.55178
13.9,0.5236,-0.0002494992,0.55178
13.91,0.5236,-0.000292441,0.55178
13.92,0.5236,-0.0003110722,0.55178
13.93,0.5236,-0.0002635484,0.5469179
13.94,0.5236,-0.0002359036,0.5469179
13.95,0.5236,-0.0002194265,0.55178
13.96,0.5236,-0.000247779,0.55178
13.97,0.5236,-0.000282982,0.5469179
13.98,0.5236,-0.0002384199,0.55178
13.99,0.5236,-0.0003061158,0.5469179
14,0.5236,-0.0002757269,0.55178
14.01,0.5236,-0.0002632242,0.5469179
14.02,0.5236,-0.000299539,0.5469179
14.03,0.5236,-0.0003538797,0.55178
14.04,0.5236,-0.0003621643,0.55178
14.05,0.5236,-0.0002056014,0.5469179
14.06,0.5236,-8.792101e-05,0.55178
14.07,0.5236,-6.225837e-05,0.5469179
14.08,0.5236,-0.0001683018,0.5469179
14.09,0.5236,-0.0003577549,0.5469179
14.1,0.5236,-0.0004554628,0.55178
14.11,0.5236,-0.0004605963,0.5469179
14.12,0.5236,-0.0004085702,0.55178
14.13,0.5236,-0.0003418714,0.5469179
14.14,0.5236,-0.0003251524,0.5469179
14.15,0.5236,-0.0003462533,0.5469179
14.16,0.5236,-0.0003812249,0.5469179
14.17,0.5236,-0.0004020963,0.55178
14.18,0.5236,-0.0004265539,0.5469179
14.19,0.5236,-0.0003752035,0.5469179
14.2,0.5236,-0.000386557,0.55178
14.21,0.5236,-0.0004638319,0.55178
14.22,0.5236,-0.000516655,0.55178
14.23,0.5236,-0.0005429442,0.5469179
14.24,0.5236,-0.0004484351,0.55178
14.25,0.5236,-0.0004171712,0.5469179
14.26,0.5236,-0.0003022334,0.55178
14.27,0.5236,-0.0003317507,0.5469179
14.28,0.5236,-0.0005396004,0.5469179
14.29,0.5236,-0.0005840148,0.55178
14.3,0.5236,-0.0006229469,0.5469179
14.31,0.5236,-0.0006003599,0.55178
14.32,0.5236,-0.0005537054,0.55178
14.33,0.5236,-0.0004501106,0.5469179
14.34,0.5236,-0.0003965542,0.5469179
14.35,0.5236,-0.0004041486,0.5469179
14.36,0.5236,-0.0004610452,0.55178
14.37,0.5236,-0.0004448218,0.55178
14.38,0.5236,-0.0005030634,0.55178
14.39,0.5236,-0.0005308681,0.5469179
14.4,0.5236,-0.0005306063,0.55178
14.41,0.5236,-0.0006425593,0.5469179
14.42,0.5236,-0.0006747686,0.5469179
14.43,0.5236,-0.0006231016,0.55178
14.44,0.5236,-0.0006001807,0.5469179
14.45,0.5236,-0.0004912625,0.5469179
14.46,0.5236,-0.0004628215,0.55178
14.47,0.5236,-0.0005440775,0.5469179
14.48,0.5236,-0.00070094,0.5469179
14.49,0.5236,-0.0007695942,0.5469179
14.5,0.5236,-0.0007510647,0.5469179
14.51,0.5236,-0.000579885,0.5469179
14.52,0.5236,-0.0004220569,0.5469179
14.53,0.5236,-0.0003579179,0.5469179
14.54,0.5236,-0.0003647178,0.5469179
14.55,0.5236,-0.000408038,0.5469179
14.56,0.5236,-0.0004522316,0.5469179
14.57,0.5236,-0.000338077,0.5469179
14.58,0.5236,-0.0003461968,0.5469179
14.59,0.5236,-0.0003154435,0.55178
14.6,0.5236,-0.0003220338,0.5469179
14.61,0.5236,-0.0002959567,0.5469179
14.62,0.5236,-0.0002725098,0.55178
14.63,0.5236,-0.0003210544,0.5469179
14.64,0.5236,-0.0002718151,0.55178
14.65,0.5236,-0.0001835289,0.5469179
14.66,0.5236,-4.5787e-05,0.5469179
14.67,0.5236,-3.251422e-06,0.5469179
14.68,0.5236,-0.0001419148,0.5469179
14.69,0.5236,-0.0002513494,0.5469179
14.7,0.5236,-0.0002528549,0.5469179
14.71,0.5236,-0.0002388178,0.5469179
14.72,0.5236,-0.0001744748,0.5469179
14.73,0.5236,-9.083716e-05,0.55178
14.74,0.5236,-8.612443e-05,0.5469179
14.75,0.5236,-0.0001130289,0.5469179
14.76,0.5236,-6.81349e-05,0.5469179
14.77,0.5236,-6.665594e-05,0.55178
14.78,0.5236,-4.314136e-05,0.55178
14.79,0.5236,-1.581425e-05,0.5469179
14.8,0.5236,-8.827282e-05,0.5469179
14.81,0.5236,-0.0001429926,0.5469179
14.82,0.5236,-0.0001947027,0.5469179
14.83,0.5236,-0.0001882645,0.5469179
14.84,0.5236,-2.765456e-05,0.5469179
14.85,0.5236,0.0001198071,0.5469179
14.86,0.5236,0.0002808723,0.55178
14.87,0.5236,0.0002801401,0.5469179
14.88,0.5236,3.778125e-05,0.5469179
14.89,0.5236,-0.0001124151,0.5469179
14.9,0.5236,-0.0002751661,0.55178
14.91,0.5236,-0.000259591,0.55178
14.92,0.5236,-0.0002480001,0.55178
14.93,0.5236,-0.000253012,0.5469179
14.94,0.5236,-0.0002907808,0.5469179
14.95,0.5236,-0.0003491518,0.5469179
14.96,0.5236,-0.0004419894,0.55178
14.97,0.5236,-0.0004016107,0.55178
14.98,0.5236,-0.0004344342,0.55178
14.99,0.5236,-0.0003898167,0.5469179
15,0.5236,-0.0004008221,0.55178
15.01,0.5236,-0.0004211799,0.5469179
15.02,0.5236,-0.0004555028,0.5469179
15.03,0.5236,-0.0004888101,0.5469179
15.04,0.5236,-0.0004499441,0.5469179
15.05,0.5236,-0.00020967,0.55178
15.06,0.5236,-0.0001606948,0.5469179
15.07,0.5236,-0.0002615224,0.55178
15.08,0.5236,-0.0004260018,0.5469179
15.09,0.5236,-0.0004996712,0.55178
15.1,0.5236,-0.0005888703,0.55178
15.11,0.5236,-0.0005444104,0.5469179
15.12,0.5236,-0.0005012406,0.55178
15.13,0.5236,-0.0003763356,0.5469179
15.14,0.5236,-0.0003446108,0.5469179
15.15,0.5236,-0.0003540558,0.55178
15.16,0.5236,-0.0003501625,0.5469179
15.17,0.5236,-0.0003881966,0.55178
15.18,0.5236,-0.0003221393,0.55178
15.19,0.5236,-0.0003466663,0.55178
15.2,0.5236,-0.0002665833,0.5469179
15.21,0.5236,-0.0002020701,0.55178
15.22,0.5236,-0.0001549631,0.5469179
15.23,0.5236,-9.459071e-05,0.55178
15.24,0.5236,4.335379e-06,0.55178
15.25,0.5236,2.441702e-05,0.55178
15.26,0.5236,-3.086653e-05,0.5469179
15.27,0.5236,-0.0001223506,0.55178
15.28,0.5236,-0.0002147757,0.5469179
15.29,0.5236,-0.000321081,0.5469179
15.3,0.5236,-0.0003224969,0.5469179
15.31,0.5236,-0.0003482226,0.5469179
15.32,0.5236,-0.0003397428,0.5469179
15.33,0.5236,-0.0002976026,0.5469179
15.34,0.5236,-0.0002940566,0.5469179
15.35,0.5236,-0.000334566,0.5469179
15.36,0.5236,-0.0003663179,0.5469179
15.37,0.5236,-0.0002621852,0.5469179
15.38,0.5236,-0.0003017266,0.5469179
15.39,0.5236,-0.0003721327,0.5469179
15.4,0.5236,-0.0003515715,0.55178
15.41,0.5236,-0.0003091041,0.5469179
15.42,0.5236,-0.0003148325,0.55178
15.43,0.5236,-0.0002815744,0.5469179
15.44,0.5236,-0.0001394641,0.5469179
15.45,0.5236,-6.918386e-05,0.55178
15.46,0.5236,-6.4348e-05,0.5469179
15.47,0.5236,-0.0001966244,0.55178
15.48,0.5236,-0.0003087342,0.5469179
15.49,0.5236,-0.0002733722,0.55178
15.5,0.5236,-0.0001997399,0.5469179
15.51,0.5236,-3.801326e-05,0.5469179
15.52,0.5236,1.185159e-05,0.55178
15.53,0.5236,-4.969277e-05,0.5469179
15.54,0.5236,-9.65652e-05,0.5469179
15.55,0.5236,-2.291446e-06,0.5469179
15.56,0.5236,2.450853e-05,0.55178
15.57,0.5236,6.223352e-05,0.5469179
15.58,0.5236,6.900102e-05,0.5469179
15.59,0.5236,2.946404e-05,0.55178
15.6,0.5236,4.047204e-06,0.5469179
15.61,0.5236,2.588821e-05,0.55178
15.62,0.5236,4.922287e-05,0.5469179
15.63,0.5236,0.0002117503,0.55178
15.64,0.5236,0.0003214781,0.55178
15.65,0.5236,0.000355205,0.55178
15.66,0.5236,0.0002468653,0.55178
15.67,0.5236,0.000150341,0.5469179
15.68,0.5236,8.385193e-05,0.5469179
15.69,0.5236,7.955768e-05,0.55178
15.7,0.5236,0.0001231378,0.55178
15.71,0.5236,0.0002561825,0.5469179
15.72,0.5236,0.0002459799,0.55178
15.73,0.5236,0.0002137531,0.55178
15.74,0.5236,0.0001806235,0.55178
15.75,0.5236,0.0002317205,0.5469179
15.76,0.5236,0.0002637328,0.5469179
15.77,0.5236,0.000269987,0.5469179
15.78,0.5236,0.0002678981,0.5469179
15.79,0.5236,0.000192516,0.55178
15.8,0.5236,0.000132855,0.55178
15.81,0.5236,0.0001365004,0.5469179
15.82,0.5236,0.0001492048,0.5469179
15.83,0.5236,0.0002880844,0.5469179
15.84,0.5236,0.0004315817,0.5469179
15.85,0.5236,0.000325363,0.55178
15.86,0.5236,0.0002031368,0.5469179
15.87,0.5236,2.060841e-05,0.55178
15.88,0.5236,-7.437622e-05,0.5469179
15.89,0.5236,-0.0001217537,0.5469179
15.9,0.5236,-6.476119e-05,0.55178
15.91,0.5236,-1.052174e-05,0.5469179
15.92,0.5236,-3.392621e-06,0.55178
15.93,0.5236,4.273944e-06,0.55178
15.94,0.5236,-5.554328e-06,0.55178
15.95,0.5236,-6.71474e-05,0.5469179
15.96,0.5236,-6.225427e-05,0.55178
15.97,0.5236,7.864997e-05,0.55178
15.98,0.5236,6.500964e-05,0.5469179
15.99,0.5236,8.389528e-06,0.5469179
16,0.5236,-4.404655e-05,0.5469179
16.01,0.5236,-7.681674e-05,0.5469179
16.02,0.5236,-3.067612e-05,0.55178
16.03,0.5236,2.315194e-05,0.5469179
16.04,0.5236,6.399695e-05,0.5469179
16.05,0.5236,-1.293233e-06,0.5469179
16.06,0.5236,-0.0001895735,0.5469179
16.07,0.5236,-0.0003300459,0.5469179
16.08,0.5236,-0.0003979966,0.55178
16.09,0.5236,-0.0004434734,0.5469179
16.1,0.5236,-0.0004089503,0.55178
16.11,0.5236,-0.0002972417,0.55178
16.12,0.5236,-0.0002216103,0.55178
16.13,0.5236,-0.0002168252,0.55178
16.14,0.5236,-0.0003034948,0.55178
16.15,0.5236,-0.0002846345,0.5469179
16.16,0.5236,-0.0002511937,0.5469179
16.17,0.5236,-0.000234638,0.5469179
16.18,0.5236,-0.0002085941,0.5469179
16.19,0.5236,-0.0002785867,0.55178
16.2,0.5236,-0.0002781858,0.5469179
16.21,0.5236,-0.0002626286,0.5469179
16.22,0.5236,-0.0001895699,0.5469179
16.23,0.5236,-8.997567e-05,0.5469179
16.24,0.5236,4.684666e-05,0.5469179
16.25,0.5236,5.847943e-05,0.55178
16.26,0.5236,-4.412494e-05,0.55178
16.27,0.5236,-0.0001538166,0.5469179
16.28,0.5236,-0.0001704414,0.55178
16.29,0.5236,-0.0001415036,0.5469179
16.3,0.5236,-7.914014e-05,0.5469179
16.31,0.5236,-9.136228e-05,0.55178
16.32,0.5236,-6.850604e-05,0.5469179
16.33,0.5236,-0.0001009219,0.5469179
16.34,0.5236,-7.299008e-05,0.55178
16.35,0.5236,-8.537037e-05,0.55178
16.36,0.5236,-3.136948e-05,0.55178
16.37,0.5236,-6.813816e-05,0.5469179
16.38,0.5236,-8.135405e-05,0.55178
16.39,0.5236,-4.485909e-05,0.55178
16.4,0.5236,-2.193575e-05,0.5469179
16.41,0.5236,-8.329347e-05,0.55178
16.42,0.5236,-2.342432e-05,0.55178
16.43,0.5236,9.499997e-05,0.5469179
16.44,0.5236,0.0001424072,0.5469179
16.45,0.5236,6.341178e-05,0.5469179
16.46,0.5236,-8.082578e-05,0.5469179
16.47,0.5236,-0.0001623052,0.5469179
16.48,0.5236,-0.0002034258,0.55178
16.49,0.5236,-0.0001322067,0.5469179
16.5,0.5236,1.017169e-05,0.5469179
16.51,0.5236,-3.062705e-07,0.5469179
16.52,0.5236,-5.967328e-05,0.55178
16.53,0.5236,-0.0001200748,0.5469179
16.54,0.5236,-0.0001535904,0.55178
16.55,0.5236,-0.0001366243,0.5469179
16.56,0.5236,-0.0001375136,0.5469179
16.57,0.5236,-0.000230316,0.5469179
16.58,0.5236,-0.0002747253,0.55178
16.59,0.5236,-0.000385039,0.5469179
16.6,0.5236,-0.0003740453,0.55178
16.61,0.5236,-0.0003777837,0.5469179
16.62,0.5236,-0.0002338638,0.5469179
16.63,0.5236,-0.0002046634,0.5469179
16.64,0.5236,-0.0001728918,0.55178
16.65,0.5236,-0.0002746591,0.5469179
16.66,0.5236,-0.0004154822,0.55178
16.67,0.5236,-0.0004562576,0.5469179
