t,theta,theta_sim,theta_p,theta_p_sim,phi,phi_sim,phi_p,r_phi
0,0,0,0,0,0,0,0,0
0.01,-0.0001216259,0,-0.0007847399,0,0.003157139,0,0,0
0.02,-9.970697e-05,0.000740378,-0.0005182773,0.009663277,-0.00170517,0.0001584884,-0.004884725,0
0.03,-7.028553e-05,7.877918e-05,-0.0005182773,0.001084464,-0.00170517,2.147901e-05,-0.0009410705,0
0.04,-0.0001102938,-0.0003815956,0.001613427,-0.003045307,0.003157139,-8.468841e-05,-0.0001903493,0
0.05,-9.966717e-05,0.000485148,1.465157e-05,0.007606156,0.003157139,7.727598e-05,-0.004991577,0
0.06,-9.453065e-05,0.001109178,-0.0005182773,0.01360731,-0.00170517,0.0001967004,-0.006913459,0
0.07,-9.248227e-05,0.0003533263,1.465157e-05,0.00448809,0.003157139,3.468055e-05,-0.003435177,0
0.08,-0.0001680853,0.001025484,-0.0005182773,0.01482492,-0.00170517,0.0001469566,-0.01018138,0
0.09,-0.0002042952,0.0002899343,1.465157e-05,0.004381017,0.003157139,-3.542667e-05,-0.004887729,0
0.1,-0.0002044727,0.0009541882,0.0002811141,0.01342511,0.003157139,7.527381e-05,-0.009934234,0
0.11,-0.0002475108,0.00143475,1.465157e-05,0.0175987,0.003157139,0.0001488853,-0.011162,0
0.12,-0.0001491374,0.001763066,-0.0005182773,0.0215585,-0.00170517,0.0001987893,-0.01374579,0
0.13,-0.0001373338,0.0008360527,1.465157e-05,0.01004651,-0.00170517,-2.688429e-05,-0.009316023,0
0.14,-0.0001258959,0.0001816699,1.465157e-05,0.00242555,-0.00170517,-0.000203233,-0.006468434,0
0.15,-0.0001092447,-0.0002864763,-0.0002518147,-0.005531028,-0.00170517,-0.0003265422,-0.0009103548,0
0.16,-0.0001448274,-0.0006395165,0.001080498,-0.01277999,-0.00170517,-0.0003827027,0.005452557,0
0.17,-0.0001331531,-0.0009380111,1.465157e-05,-0.01852981,-0.00170517,-0.0003757061,0.01106492,0
0.18,-4.933307e-05,-0.001181682,0.001613427,-0.02235525,-0.00170517,-0.0003206113,0.01519229,0
0.19,0.000105368,-0.001356401,1.465157e-05,-0.02425066,-0.00170517,-0.0002358435,0.01769618,0
0.2,0.0001311964,-0.00145008,-0.0002518147,-0.02443613,0.003157139,-0.0001386875,0.01871577,0
0.21,3.544112e-06,-0.000317438,-0.00185059,-0.008362648,-0.00170517,0.0002007037,0.01098922,0
0.22,-2.892068e-05,-0.0007533902,-0.001584124,-0.01186818,-0.00170517,0.000204438,0.01188195,0
0.23,1.379838e-06,-0.001065739,-0.001051199,-0.01082288,-0.00170517,0.0001937316,0.008345824,0
0.24,2.740671e-05,-0.001253815,0.0002811141,-0.01055075,-0.00170517,0.0001580951,0.006702175,0
0.25,0.000181835,-0.001362595,0.00187989,-0.01098834,-0.00170517,0.0001160371,0.006583203,0
0.26,0.0001998196,-0.001377366,1.465157e-05,-0.01139678,-0.00170517,7.878082e-05,0.0071403,0
0.27,0.0001469578,-0.001376479,0.001080498,-0.01177614,0.003157139,4.996701e-05,0.007827265,0
0.28,0.0002110076,-0.0001852803,0.002146348,0.003164263,0.003157139,0.0002727659,0.0007911599,0
0.29,0.0001957911,0.0007017996,1.465157e-05,0.01357127,0.003157139,0.0004212671,-0.004472802,0
0.3,0.0001108078,0.001352315,0.0002811141,0.02329993,-0.00170517,0.0004974508,-0.01181182,0
0.31,0.0001519389,0.0006217134,0.001346961,0.01606823,-0.00170517,0.0002512572,-0.01167512,0
0.32,0.0002327541,0.0001488698,0.0005475767,0.01147139,0.003157139,1.814762e-05,-0.01204875,0
0.33,0.0001496427,0.001066256,-0.0002518147,0.02043351,-0.00170517,6.016015e-05,-0.01590113,0
0.34,9.013808e-05,0.0004933848,0.001080498,0.008636981,0.003157139,-0.0001622431,-0.008263847,0
0.35,0.0001355709,0.001255881,-0.0007847399,0.01680771,0.003157139,-7.087398e-05,-0.01195095,0
0.36,0.0001033872,0.001814666,0.0005475767,0.02049286,0.003157139,-4.984395e-06,-0.01242153,0
0.37,7.778979e-05,0.002195887,0.0002811141,0.02405593,-0.00170517,4.374459e-05,-0.01453422,0
0.38,2.56788e-05,0.001257476,0.0008140355,0.01194197,-0.00170517,-0.0001790351,-0.009771649,0
0.39,0.0001003598,0.0005670554,-0.001317661,0.003672002,-0.00170517,-0.0003495381,-0.006632564,0
0.4,0.0001508609,8.905033e-05,-0.001051199,-0.004806271,-0.00170517,-0.0004640938,-0.0007206365,0
0.41,0.0001643457,-0.0002662909,0.0002811141,-0.01255096,0.003157139,-0.0005082156,0.006043634,0
0.42,0.0001048473,0.0006478566,-0.0005182773,-0.003499849,-0.00170517,-0.000242035,0.004483961,0
0.43,2.760685e-05,4.287146e-05,0.0008140355,-0.01271258,-0.00170517,-0.0002488043,0.0108923,0
0.44,5.80604e-05,-0.0004448223,0.0008140355,-0.01603817,-0.00170517,-0.0002203478,0.0116765,0
0.45,2.875507e-05,-0.0007946385,-0.0002518147,-0.01866856,-0.00170517,-0.000182975,0.01297964,0
0.46,3.744409e-05,-0.00106945,0.001080498,-0.02085063,0.003157139,-0.0001331792,0.01457698,0
0.47,-5.292942e-05,-7.31654e-05,-0.0007847399,-0.007009265,-0.00170517,0.0001720185,0.008308524,0
0.48,-0.0001114031,-0.0006005741,0.0005475767,-0.0125409,-0.00170517,0.0001597226,0.01095457,0
0.49,-0.0001921638,-0.0009973411,-0.0002518147,-0.01318898,-0.00170517,0.0001506908,0.00901639,0
0.5,-0.000213721,-0.001294463,-0.001051199,-0.01426699,-0.00170517,0.0001305504,0.008568621,0
0.51,-0.0001724389,-0.001506163,-0.001317661,-0.01554988,-0.00170517,0.0001127785,0.009206697,0
0.52,-0.0001057414,-0.001639868,-0.0002518147,-0.01650403,-0.00170517,0.0001040988,0.01016117,0
0.53,-6.554232e-05,-0.001710729,-0.0002518147,-0.01687526,-0.00170517,0.0001045339,0.01093159,0
0.54,5.307011e-06,-0.00174508,0.0005475767,-0.0166721,-0.00170517,0.0001104379,0.01127564,0
0.55,0.000122969,-0.001740415,0.001346961,-0.0159039,0.003157139,0.0001169808,0.0111484,0
0.56,0.0002173827,-0.0004841521,0.00187989,0.0005287519,0.003157139,0.0003639626,0.003117712,0
0.57,0.0002855944,0.0004650717,-0.0005182773,0.01229685,0.003157139,0.0005251307,-0.003165691,0
0.58,0.0002817462,0.00119542,-0.0002518147,0.02333693,-0.00170517,0.0006031094,-0.01150684,0
0.59,0.0002452945,0.0005569884,0.0005475767,0.01724414,-0.00170517,0.000349289,-0.01223245,0
0.6,0.000297117,0.0001299537,-0.001317661,0.01330928,-0.00170517,0.0001013089,-0.01328539,0
0.61,0.000333937,-0.0001282982,-0.001051199,0.007453491,-0.00170517,-0.0001205306,-0.01009359,0
0.62,0.0003069263,-0.0002987641,1.465157e-05,0.0008779871,-0.00170517,-0.0002857538,-0.004675318,0
0.63,0.0002830242,-0.0004469201,0.001080498,-0.005291982,0.003157139,-0.0003851689,0.001091562,0
0.64,0.0003002816,0.0006181403,0.001080498,0.004824576,0.003157139,-0.0001805775,-0.001374742,0
0.65,0.0002628097,0.001366605,0.001346961,0.0114102,0.003157139,-8.091796e-06,-0.002966162,0
0.66,0.0002214938,0.001879374,0.0008140355,0.01842412,0.003157139,0.0001220301,-0.007678189,0
0.67,0.0001783604,0.002242758,0.001346961,0.02474893,0.003157139,0.0001920197,-0.01339945,0
0.68,0.0001447696,0.002508511,0.001346961,0.02945628,0.003157139,0.0002041311,-0.01843649,0
0.69,6.420951e-05,0.00270827,0.0005475767,0.03225904,-0.00170517,0.0001727261,-0.02200206,0
0.7,2.115325e-05,0.001634576,1.465157e-05,0.01799784,0.003157139,-0.0001281184,-0.01640745,0
0.71,-1.48938e-05,0.002056683,-0.001051199,0.02237988,0.003157139,-0.0001141089,-0.01889187,0
0.72,-3.705907e-05,0.002338241,0.0002811141,0.02157982,-0.00170517,-9.936751e-05,-0.01631898,0
0.73,-0.0001255143,0.001302984,1.465157e-05,0.005922602,0.003157139,-0.0003103707,-0.007483463,0
0.74,-0.0001467886,0.001709501,1.465157e-05,0.01063696,0.003157139,-0.0001924342,-0.009242633,0
0.75,-0.0001518354,0.00197096,0.001613427,0.01131013,-0.00170517,-8.077454e-05,-0.007513386,0
0.76,-9.121811e-05,0.0009231959,-0.0007847399,-0.002369009,-0.00170517,-0.0002129745,-0.0002846548,0
0.77,-5.899501e-05,0.0001701162,-0.001051199,-0.01053666,0.003157139,-0.0002824269,0.003607008,0
0.78,-4.965996e-05,0.0008235134,-0.0007847399,-0.002817337,-0.00170517,-5.677725e-05,0.001491869,0
0.79,-7.023555e-05,6.191173e-05,-0.0005182773,-0.01387686,0.003157139,-9.89254e-05,0.008941267,0
0.8,-1.151241e-05,0.0006842411,-0.001584124,-0.003774194,0.003157139,0.0001535608,0.003781491,0
0.81,-0.000135701,0.001140294,-0.0002518147,0.002533081,0.003157139,0.000352116,0.001021905,0
0.82,-0.0002942433,0.001418828,0.0008140355,0.008852114,-0.00170517,0.0005007724,-0.003768614,0
0.83,-0.0001793713,0.0003714408,0.001080498,-0.0006540674,-0.00170517,0.0003449634,-0.001734883,0
0.84,-0.0001808711,-0.0003232863,-0.004781678,-0.00611802,0.003157139,0.0002113128,-0.001103448,0
0.85,-0.0002299863,0.0003922125,-0.0005182773,0.002895124,-0.00170517,0.000352344,-0.00485044,0
0.86,-5.146264e-05,-0.0003203423,-0.001317661,-0.007847794,0.003157139,0.0002198843,0.002061483,0
0.87,-6.004245e-05,0.0004245468,-0.003449365,0.002370683,-0.00170517,0.0003856915,-0.002919941,0
0.88,-0.0001428808,-0.0002474283,0.0005475767,-0.006976745,0.003157139,0.0002626154,0.002458149,0
0.89,-6.733034e-05,0.0004436475,0.001613427,0.003736423,-0.00170517,0.0004241577,-0.003621389,0
0.9,5.005785e-05,-0.0002302543,0.0002811141,-0.00521318,0.003157139,0.0002883746,0.001101939,0
0.91,-0.0001413521,0.000533625,0.001346961,0.005854408,-0.00170517,0.0004339385,-0.005144669,0
0.92,3.547742e-06,-0.0001785645,0.003745124,-0.00351435,-0.00170517,0.0002827171,-0.0003434259,0
0.93,6.116695e-05,-0.0006356525,0.00187989,-0.007920105,-0.00170517,0.0001706159,0.001044821,0
0.94,2.628864e-05,-0.0009380737,1.465157e-05,-0.01233106,-0.00170517,8.777112e-05,0.00411229,0
0.95,2.794898e-05,-0.001173902,-0.001317661,-0.01637878,-0.00170517,4.337751e-05,0.007724872,0
0.96,3.273644e-05,-0.001354976,-0.002649974,-0.01939364,0.003157139,3.529508e-05,0.0108583,0
0.97,-3.745818e-07,-0.0002909519,-0.002383512,-0.006029096,0.003157139,0.0002984382,0.005560096,0
0.98,9.064385e-05,0.0004574279,0.0002811141,0.003490868,0.003157139,0.0004983267,0.001264524,0
0.99,0.0001459801,0.001036018,0.001080498,0.01332719,0.003157139,0.0006287626,-0.005840563,0
1,0.0001728762,0.001502063,0.0008140355,0.02211144,-0.00170517,0.0006773311,-0.01351926,0
1.01,0.0002497365,0.0006822454,0.00187989,0.01368526,-0.00170517,0.0004075581,-0.01260837,0
1.02,0.0004061878,0.0001558484,-0.0005182773,0.007936644,-0.00170517,0.0001617355,-0.011878,0
1.03,0.0003288412,-0.0001483142,-0.0007847399,0.000958472,-0.00170517,-4.204454e-05,-0.007257181,0
1.04,0.0003181859,-0.000401244,1.465157e-05,-0.006374274,0.003157139,-0.0001789888,-0.0009936846,0
1.05,0.0003114526,0.0005954369,-0.002117053,0.002528151,0.003157139,-2.269357e-06,-0.002488492,0
1.06,0.0002317632,0.001285348,-0.001317661,0.008031147,-0.00170517,0.0001539906,-0.00305563,0
1.07,0.0002511053,0.0005343589,-0.0005182773,-0.0009701042,-0.00170517,3.400924e-05,0.0005868727,0
1.08,0.0003184127,4.334026e-06,-0.0005182773,-0.005287855,-0.00170517,-5.964904e-05,0.0009400699,0
1.09,0.0002834367,-0.000348582,0.0008140355,-0.009991355,-0.00170517,-0.0001321266,0.003618547,0
1.1,0.0001847329,-0.0006250702,0.0008140355,-0.01467162,0.003157139,-0.0001678559,0.007377916,0
1.11,0.0001699801,0.0003279909,0.0008140355,-0.003439626,0.003157139,7.922585e-05,0.00341155,0
1.12,0.0001233162,0.0009920071,0.0008140355,0.004113601,0.003157139,0.0002783605,0.0006416636,0
1.13,0.0001107669,0.001448845,1.465157e-05,0.01202124,-0.00170517,0.0004230016,-0.005011054,0
1.14,0.0001224772,0.0005856265,0.0008140355,0.004063853,-0.00170517,0.0002539593,-0.003993773,0
1.15,8.637586e-05,-6.632297e-06,-0.001584124,-0.0005603265,-0.00170517,9.855271e-05,-0.004207422,0
1.16,6.167333e-05,-0.0004286676,-0.0005182773,-0.006377808,0.003157139,-3.19943e-05,-0.0009958963,0
1.17,0.0001589145,0.0004590344,0.0002811141,0.002924872,0.003157139,0.0001294775,-0.003759211,0
1.18,0.0002023443,0.001117178,-0.0007847399,0.008447813,-0.00170517,0.0002639464,-0.004584698,0
1.19,0.0001305236,0.0003913982,0.0008140355,-0.0006031217,0.003157139,0.0001233217,-0.0007294551,0
1.2,0.0001170695,0.001055299,0.001613427,0.009974359,0.003157139,0.000256942,-0.007591911,0
1.21,0.0001667586,0.001539116,-0.0002518147,0.01525949,-0.00170517,0.0003361653,-0.01020749,0
1.22,0.0001583828,0.0007043874,-0.0002518147,0.004868108,-0.00170517,0.0001359235,-0.006164167,0
1.23,0.0001476701,0.0001105899,-0.0005182773,-0.001494126,-0.00170517,-2.314201e-05,-0.004235778,0
1.24,0.0001697043,-0.0003166908,-0.0005182773,-0.008302566,-0.00170517,-0.0001400533,0.0002772571,0
1.25,0.0001156735,-0.0006317856,-0.0007847399,-0.01460965,-0.00170517,-0.0002000018,0.005722615,0
1.26,0.0001275552,-0.000902549,1.465157e-05,-0.0197261,0.003157139,-0.0002045266,0.01065552,0
1.27,0.0001310406,8.490519e-05,1.465157e-05,-0.007973067,0.003157139,7.827733e-05,0.006825601,0
1.28,5.319124e-05,0.0007767352,0.0008140355,0.0004592808,-0.00170517,0.0003093587,0.003607998,0
1.29,9.619002e-06,3.8606e-05,0.001613427,-0.005851889,-0.00170517,0.0002337655,0.004698511,0
1.3,8.118351e-05,-0.000489824,1.465157e-05,-0.007980103,0.003157139,0.0001580403,0.002829978,0
1.31,1.897041e-05,0.0003804768,-0.001051199,0.004298409,-0.00170517,0.0003265276,-0.003802474,0
1.32,-1.186906e-05,-0.0002113492,-0.0005182773,-0.003973617,-0.00170517,0.0001932499,0.0006566127,0
1.33,6.456451e-06,-0.0006426822,0.0002811141,-0.007643784,0.003157139,9.307938e-05,0.001409591,0
1.34,4.553173e-05,0.0002680685,0.0008140355,0.003823955,-0.00170517,0.0002585237,-0.003807764,0
1.35,5.178003e-05,-0.0002662945,-0.0007847399,-0.004491705,0.003157139,0.0001321897,0.00122918,0
1.36,9.769879e-05,0.0005573449,0.0008140355,0.007277078,-0.00170517,0.0002860311,-0.005423207,0
1.37,9.110189e-05,-2.79051e-05,0.0005475767,-0.000954621,0.003157139,0.0001372393,-0.001275324,0
1.38,0.0001163583,0.0007607695,0.002146348,0.01033954,-0.00170517,0.000265478,-0.007964799,0
1.39,9.775574e-05,0.0001448945,0.00187989,0.001325175,-0.00170517,9.480224e-05,-0.003358103,0
1.4,4.989884e-05,-0.0002988828,0.002146348,-0.003426177,-0.00170517,-3.596829e-05,-0.001858756,0
1.41,-3.501384e-06,-0.00062845,-0.0002518147,-0.008438367,0.003157139,-0.0001347009,0.00143002,0
1.42,-6.948545e-05,0.000313542,0.0008140355,0.002018581,0.003157139,5.320211e-05,-0.002077646,0
1.43,-0.000129563,0.0009571087,-0.001317661,0.008464109,-0.00170517,0.0002037141,-0.003911241,0
1.44,-0.0001667396,0.0001912806,1.465157e-05,0.0001161071,-0.00170517,6.838997e-05,-0.001006081,0
1.45,-0.0001434169,-0.0003591913,-0.0005182773,-0.003875927,-0.00170517,-4.522578e-05,-0.001030456,0
1.46,0.00207509,-0.0007333403,0.01067315,-0.00839973,-0.00170517,-0.0001392832,0.001461123,0
1.47,0.05331927,-0.0002397322,1.546829,-0.009219881,-0.00170517,-0.0001965669,0.005155656,0
1.48,0.07232076,0.0177673,3.136811,0.07304481,0.003157139,-0.0002141803,0.008712036,0
1.49,0.1086238,0.03810092,3.12109,0.1620048,-0.00170517,3.955456e-05,0.002943297,0
1.5,0.1334422,0.0635976,2.86875,0.2659331,0.003157139,-0.0001363493,-0.01687536,0
1.51,0.1540012,0.09112315,2.950287,0.3781396,-0.00170517,-0.000322522,-0.05681203,0
1.52,0.1890613,0.116115,2.923374,0.4446537,0.003157139,-0.001131135,-0.08707927,0
1.53,0.2165384,0.1465255,2.631598,0.5201845,0.003157139,-0.001898314,-0.1146252,0
1.54,0.2350232,0.1766473,2.584434,0.5495759,0.003157139,-0.002745702,-0.1132781,0
1.55,0.2602794,0.2030644,2.526079,0.5247632,-0.00170517,-0.003414766,-0.08989438,0
1.56,0.282932,0.2275955,2.212453,0.447021,-0.00170517,-0.003919796,-0.03327277,0
1.57,0.2954819,0.2506189,2.036054,0.3288825,-0.00170517,-0.003675851,0.05234085,0
1.58,0.3138471,0.2685903,1.939329,0.1564961,0.003157139,-0.00243885,0.1663973,0
1.59,0.3351437,0.2857242,1.655813,-0.0301424,-0.00170517,0.0002278239,0.2947492,0
1.6,0.3538616,0.300428,1.32833,-0.2568589,0.008019447,0.003893009,0.4519069,0
1.61,0.3710735,0.3156925,0.8103271,-0.4665139,0.01774406,0.009442826,0.6006518,0
1.62,0.3819997,0.3305156,0.2718064,-0.6671827,0.02746868,0.01668746,0.7418725,0
1.63,0.3829801,0.3426028,-0.1537342,-0.8640208,0.03719378,0.0254051,0.8665224,0
1.64,0.3758025,0.349173,-0.4079394,-1.067356,0.0517807,0.03532706,0.9714467,0
1.65,0.3630258,0.3501682,-0.464163,-1.26785,0.06150532,0.04644673,1.052467,0
1.66,0.3588665,0.344095,-0.6309685,-1.486774,0.07123041,0.05825682,1.125987,0
1.67,0.3564584,0.3360318,-1.069033,-1.696184,0.09067965,0.07064793,1.193174,0
1.68,0.3429052,0.3296286,-1.569982,-1.861727,0.105267,0.08402517,1.241735,0
1.69,0.3178968,0.3194734,-1.750377,-2.020088,0.1295786,0.09788323,1.275974,0
1.7,0.2986721,0.3053416,-1.78555,-2.141734,0.1441655,0.1124717,1.268062,0
1.71,0.279068,0.2883646,-1.910255,-2.246206,0.1587529,0.1268757,1.240439,0
1.72,0.259486,0.2696218,-2.143143,-2.326994,0.1782022,0.1409054,1.192523,0
1.73,0.2322526,0.2512589,-2.356846,-2.366175,0.1976514,0.154635,1.119043,0
1.74,0.2014936,0.2309834,-2.325936,-2.378818,0.2171011,0.1678384,1.022424,0
1.75,0.1760022,0.2086491,-2.322739,-2.363533,0.2268257,0.1803012,0.9001631,0
1.76,0.1484659,0.1848264,-2.343256,-2.338688,0.2365508,0.1913373,0.7703434,0
1.77,0.1192781,0.1597709,-2.3294,-2.301162,0.2511377,0.200951,0.6323327,0
1.78,0.08828747,0.1350058,-2.201232,-2.235246,0.2657247,0.2094009,0.481222,0
1.79,0.05927855,0.1103609,-1.957419,-2.144906,0.2705874,0.2166388,0.3198968,0
1.8,0.02940712,0.08461662,-1.613682,-2.053326,0.2754498,0.2221314,0.160811,0
1.81,0.0120578,0.05831354,-1.328834,-1.951969,0.2754498,0.2259758,-0.00122419,0
1.82,0.001635717,0.03524654,-1.317909,-1.833181,0.2754498,0.2280074,-0.1562925,0
1.83,-0.01209111,0.01729716,-1.336028,-1.688313,0.2657247,0.2283932,-0.3060229,0
1.84,-0.0299573,-0.0001861798,-1.185743,-1.557546,0.2608624,0.2267675,-0.4405908,0
1.85,-0.04532766,-0.01720537,-0.9032931,-1.422086,0.2511377,0.2235951,-0.5768553,0
1.86,-0.05656435,-0.03387732,-0.6349654,-1.297199,0.2365508,0.2187436,-0.6999562,0
1.87,-0.06405866,-0.04980681,-0.4455106,-1.189573,0.2268257,0.2122035,-0.8015272,0
1.88,-0.07074869,-0.06251862,-0.3197403,-1.07548,0.2171011,0.204528,-0.8901062,0
1.89,-0.08177041,-0.07252119,-0.1558659,-0.959487,0.2025142,0.1959184,-0.9648287,0
1.9,-0.08769099,-0.08318699,0.2051908,-0.8632642,0.1830645,0.1862919,-1.02431,0
1.91,-0.07965379,-0.0936599,0.3925139,-0.78565,0.1538906,0.1755878,-1.066528,0
1.92,-0.07070914,-0.1015334,0.3131081,-0.7334014,0.1393032,0.1635602,-1.07528,0
1.93,-0.0634406,-0.1037053,0.1460361,-0.6597118,0.1247163,0.151335,-1.076807,0
1.94,-0.06429229,-0.1024857,0.1220545,-0.5816214,0.1004043,0.1390068,-1.069059,0
1.95,-0.06266802,-0.104159,0.2627466,-0.542901,0.08581734,0.126139,-1.046083,0
1.96,-0.05256064,-0.1046954,0.1830744,-0.4969641,0.06150532,0.1133759,-1.028295,0
1.97,-0.0467393,-0.1039876,0.02186457,-0.4746147,0.0517807,0.1002452,-0.9864975,0
1.98,-0.04203996,-0.1004591,-0.1025734,-0.4351043,0.03719378,0.08771446,-0.9483908,0
1.99,-0.04365304,-0.09667658,-0.1929042,-0.4068385,0.02260637,0.07549202,-0.9017976,0
2,-0.04606081,-0.09506494,-0.1073697,-0.3957887,0.01288176,0.06360985,-0.8534132,0
2.01,-0.03952038,-0.09419923,-0.1169624,-0.3850745,-0.00170517,0.05231901,-0.8090692,0
2.02,-0.03336728,-0.09211284,-0.3319976,-0.3802345,-0.01142979,0.0413363,-0.7543702,0
2.03,-0.03790965,-0.08828339,-0.4103376,-0.3681743,-0.02115488,0.03097987,-0.6990883,0
2.04,-0.0419842,-0.08708172,-0.3205397,-0.3706462,-0.0308795,0.02121305,-0.6443532,0
2.05,-0.03840592,-0.08770674,-0.3410573,-0.3796348,-0.04060411,0.01198095,-0.5930256,0
2.06,-0.03592321,-0.08709744,-0.5912656,-0.3834323,-0.05032873,0.003243868,-0.5401959,0
2.07,-0.04271881,-0.08613659,-0.706111,-0.3890104,-0.05519128,-0.005002826,-0.484099,0
2.08,-0.05077949,-0.08706246,-0.6205765,-0.3949464,-0.06005383,-0.01253109,-0.4361078,0
2.09,-0.053865,-0.08983541,-0.5587572,-0.4012055,-0.06005383,-0.01945897,-0.3952263,0
2.1,-0.05468693,-0.09104972,-0.613382,-0.3834772,-0.0649159,-0.02563535,-0.366421,0
2.11,-0.05840996,-0.09162798,-0.6938536,-0.3612287,-0.06977844,-0.03145053,-0.3385809,0
2.12,-0.06427609,-0.09280822,-0.7109072,-0.3363908,-0.06977844,-0.0369672,-0.317799,0
2.13,-0.06984498,-0.09396239,-0.7074432,-0.2967585,-0.06977844,-0.04202782,-0.3112813,0
2.14,-0.07838714,-0.09498113,-0.6402947,-0.2471736,-0.07950306,-0.04677425,-0.3137122,0
2.15,-0.08689893,-0.09932886,-0.499336,-0.2249702,-0.08436561,-0.05179548,-0.3086587,0
2.16,-0.09276734,-0.1048277,-0.3405244,-0.2044974,-0.09409022,-0.05677062,-0.30637,0
2.17,-0.09345362,-0.1114355,-0.2360711,-0.2011954,-0.09895253,-0.06192849,-0.2905972,0
2.18,-0.08990035,-0.1158911,-0.2563223,-0.1863679,-0.1038148,-0.06689239,-0.2714002,0
2.19,-0.08755314,-0.1174141,-0.3724999,-0.1586137,-0.1038148,-0.07163766,-0.2484617,0
2.2,-0.09062882,-0.1161307,-0.4044754,-0.1062219,-0.1086774,-0.07593147,-0.2361846,0
2.21,-0.09597867,-0.1159436,-0.3122794,-0.05836881,-0.1086774,-0.08016551,-0.2297801,0
2.22,-0.09871729,-0.1160972,-0.187042,0.001300991,-0.1086774,-0.08417413,-0.239845,0
2.23,-0.1013547,-0.1155479,-0.07725947,0.0696485,-0.1135397,-0.08808622,-0.2569311,0
2.24,-0.1022024,-0.115664,0.05090898,0.126532,-0.1135397,-0.0922007,-0.2694639,0
2.25,-0.1027856,-0.1144535,0.2086548,0.1927684,-0.1184022,-0.0962208,-0.2858819,0
2.26,-0.1005995,-0.1134432,0.3416196,0.2461945,-0.1232643,-0.1004082,-0.2935274,0
2.27,-0.09499741,-0.111681,0.409301,0.2950156,-0.1281266,-0.1046834,-0.2958681,0
2.28,-0.09110402,-0.108282,0.4713868,0.3420976,-0.1281266,-0.10898,-0.2913962,0
2.29,-0.08737366,-0.1032108,0.5923607,0.3966208,-0.1378515,-0.1129873,-0.2881655,0
2.3,-0.08147557,-0.09951173,0.7303883,0.4234372,-0.142714,-0.1172218,-0.2709532,0
2.31,-0.06936788,-0.0949543,0.7562351,0.4493431,-0.1524384,-0.121314,-0.2526422,0
2.32,-0.05931065,-0.08897214,0.665105,0.4616699,-0.1524384,-0.1254702,-0.2190027,0
2.33,-0.05366715,-0.08046656,0.6816257,0.4869818,-0.1573009,-0.1290612,-0.1882202,0
2.34,-0.04778739,-0.07305946,0.7559687,0.4942346,-0.1573009,-0.1323813,-0.150567,0
2.35,-0.03733688,-0.06530483,0.799935,0.5055366,-0.1621633,-0.1351618,-0.1190274,0
2.36,-0.02523822,-0.05706665,0.7263913,0.5064998,-0.1621633,-0.1377084,-0.08009216,0
2.37,-0.01584964,-0.04689267,0.6070162,0.5149367,-0.1621633,-0.1397254,-0.0429856,0
2.38,-0.0108439,-0.03645452,0.5641158,0.5191287,-0.1670258,-0.1412499,-0.005402092,0
2.39,-0.006361718,-0.02871358,0.5960912,0.4968892,-0.1670258,-0.1425608,0.03812629,0
2.4,-0.0002905894,-0.02202117,0.6088814,0.4687017,-0.1670258,-0.1433689,0.07970673,0
2.41,0.006186272,-0.01567843,0.5907619,0.4322699,-0.1670258,-0.1436821,0.1271571,0
2.42,0.01213176,-0.009624638,0.5609182,0.3883885,-0.1621633,-0.1434719,0.180217,0
2.43,0.01652767,-0.00292807,0.5531907,0.3531019,-0.1670258,-0.1424813,0.2289029,0
2.44,0.02121972,0.001141458,0.5694449,0.2906111,-0.1670258,-0.1412885,0.288165,0
2.45,0.02719816,0.004514077,0.5494603,0.2279781,-0.1621633,-0.1395916,0.3435181,0
2.46,0.03176434,0.008932767,0.5193501,0.1782937,-0.1670258,-0.1371841,0.393384,0
2.47,0.03491563,0.01109094,0.5244128,0.1043874,-0.1670258,-0.1346461,0.4536823,0
2.48,0.04030278,0.012253,0.523347,0.03076095,-0.1670258,-0.131679,0.5087547,0
2.49,0.0463812,0.01341385,0.4545996,-0.04180191,-0.1670258,-0.1283326,0.5639139,0
2.5,0.0505588,0.01473309,0.3815889,-0.1125827,-0.1621633,-0.1246301,0.6187955,0
2.51,0.0536956,0.01664636,0.3301617,-0.168711,-0.1670258,-0.1203627,0.6636313,0
2.52,0.05950596,0.01618655,0.2435614,-0.2451765,-0.1573009,-0.1161496,0.7139834,0
2.53,0.0662534,0.01854931,0.05836993,-0.2820921,-0.1621633,-0.111228,0.7419325,0
2.54,0.06757164,0.01963975,-0.1510696,-0.3402903,-0.1573009,-0.1065394,0.7809361,0
2.55,0.06515031,0.02032877,-0.2416668,-0.3856537,-0.142714,-0.1015301,0.8046499,0
2.56,0.06164215,0.02189096,-0.2661813,-0.4006377,-0.1329892,-0.09583953,0.8065448,0
2.57,0.06165054,0.02256033,-0.3674371,-0.4099842,-0.1329892,-0.08994238,0.799477,0
2.58,0.05695064,0.02147413,-0.5131921,-0.433691,-0.1232643,-0.08444825,0.7947772,0
2.59,0.05071966,0.01998644,-0.5409042,-0.4435227,-0.1086774,-0.07882661,0.7764524,0
2.6,0.04884061,0.01898431,-0.609385,-0.4334258,-0.09409022,-0.07293113,0.7458329,0
2.61,0.04620669,0.01992686,-0.7596699,-0.3993705,-0.07950306,-0.06689226,0.7046038,0
2.62,0.03517725,0.02209168,-0.815627,-0.3456255,-0.06977844,-0.06083615,0.6505891,0
2.63,0.02146995,0.02115498,-0.6389624,-0.3022314,-0.06005383,-0.05514782,0.5890774,0
2.64,0.01724677,0.01725987,-0.5113269,-0.2654999,-0.05519128,-0.04988308,0.519663,0
2.65,0.01657425,0.01350114,-0.6003253,-0.2348058,-0.04060411,-0.045294,0.4587514,0
2.66,0.006173876,0.01355643,-0.6775994,-0.1751796,-0.03574181,-0.04075344,0.3940209,0
2.67,-0.01591437,0.01062811,-0.25499,-0.1426348,-0.02601719,-0.0367786,0.3417454,0
2.68,-0.02217487,0.002846558,0.2451601,-0.1229046,-0.0308795,-0.03303351,0.2817798,0
2.69,-0.01190883,-0.006357925,0.2632796,-0.1303603,-0.02601719,-0.03027429,0.2443034,0
2.7,-0.005677648,-0.008409975,-0.01623956,-0.1015708,-0.02115488,-0.02773451,0.2133456,0
2.71,-0.01372032,-0.006781505,-0.01730541,-0.06006916,-0.01629257,-0.02532974,0.1900987,0
2.72,-0.02165142,-0.007449026,0.2859289,-0.02414715,-0.01629257,-0.02305979,0.1583145,0
2.73,-0.01513145,-0.01078632,0.4607283,-0.0002861954,-0.01629257,-0.02126614,0.1217573,0
2.74,-0.006837861,-0.01091299,0.3426854,0.03667626,-0.01142979,-0.01993347,0.08718714,0
2.75,-0.0041862,-0.006916864,0.2688753,0.092849,-0.01142979,-0.01873529,0.05386523,0
2.76,-0.004344871,-0.00314651,0.3306946,0.1371946,-0.01142979,-0.01791185,0.02616127,0
2.77,-0.002337906,-0.0004914264,0.4135644,0.1720073,-0.01142979,-0.01742102,-0.002825034,0
2.78,0.002012447,0.002147462,0.4396777,0.2000089,-0.01142979,-0.01723039,-0.02815363,0
2.79,0.006486318,0.00556786,0.427154,0.2218015,-0.01142979,-0.01726082,-0.04506288,0
2.8,0.01014787,0.009529471,0.4215583,0.2359696,-0.006567955,-0.01741301,-0.05317699,0
2.81,0.01422519,0.01472952,0.4194266,0.2570281,-0.01142979,-0.01735789,-0.06198881,0
2.82,0.01839609,0.01848744,0.4007742,0.2516195,-0.01142979,-0.01759988,-0.05591355,0
2.83,0.02173783,0.02237619,0.3829212,0.2443073,-0.01142979,-0.01776202,-0.04892198,0
2.84,0.02526429,0.02600351,0.3722627,0.2290801,-0.01142979,-0.01781266,-0.03583022,0
2.85,0.02874169,0.02942316,0.3501464,0.2076967,-0.01142979,-0.01770374,-0.01789713,0
2.86,0.0316125,0.03259517,0.3227007,0.1812246,-0.01142979,-0.01740205,0.003724615,0
2.87,0.03409395,0.03530404,0.3048477,0.14988,-0.01142979,-0.01688817,0.02783252,0
2.88,0.03682046,0.03748088,0.2832643,0.1145074,-0.01142979,-0.01615473,0.0534399,0
2.89,0.0391082,0.03930438,0.2459595,0.076752,-0.01142979,-0.01520226,0.08002175,0
2.9,0.04088074,0.04067134,0.2193133,0.03665409,-0.01142979,-0.01403609,0.107141,0
2.91,0.04279851,0.04149102,0.189203,-0.005400376,-0.01142979,-0.01266705,0.1340802,0
2.92,0.04384006,0.0419374,0.1479013,-0.04795329,-0.01142979,-0.01111107,0.1604075,0
2.93,0.04496587,0.0417891,0.1185905,-0.0917573,-0.01142979,-0.009386403,0.1858938,0
2.94,0.04642934,0.04123106,0.06609735,-0.1352596,-0.006567955,-0.007513778,0.2100723,0
2.95,0.04812447,0.04169475,-0.0074463,-0.1620377,-0.01142979,-0.005271114,0.2253782,0
2.96,0.04975141,0.04056618,-0.1286867,-0.2065516,-0.006567955,-0.003248354,0.2485327,0
2.97,0.04722807,0.04068863,-0.2115566,-0.2291698,-0.00170517,-0.0008995974,0.2580361,0
2.98,0.04209022,0.0403036,-0.1987664,-0.2464067,-0.006567955,0.0016588,0.2614411,0
2.99,0.04005042,0.03628999,-0.1705213,-0.2901955,-0.00170517,0.00385228,0.2713229,0
3,0.04085554,0.03322393,-0.2445979,-0.3137602,-0.00170517,0.006240636,0.2698258,0
3.01,0.03822491,0.03066376,-0.3498506,-0.3386189,-0.00170517,0.008508014,0.2747446,0
3.02,0.0320743,0.02729136,-0.3543805,-0.3661203,-0.00170517,0.01069247,0.279706,0
3.03,0.02632289,0.02217786,-0.2917618,-0.3982833,0.003157139,0.01278806,0.2825656,0
3.04,0.02555055,0.01724275,-0.2928276,-0.4159226,0.008019447,0.01502799,0.2767589,0
3.05,0.02560612,0.01423645,-0.4260589,-0.4147003,0.01288176,0.0173366,0.2660436,0
3.06,0.02199172,0.0129562,-0.5331768,-0.3958337,0.01288176,0.01964765,0.2479356,0
3.07,0.0127517,0.01052194,-0.5134585,-0.3815925,0.01774406,0.02162388,0.2263446,0
3.08,0.005187493,0.006644465,-0.3874218,-0.360791,0.02260637,0.02348142,0.1913413,0
3.09,0.002694397,0.002465883,-0.3447878,-0.3335702,0.01774406,0.02513336,0.1506919,0
3.1,-0.0003293392,-0.00247139,-0.3762304,-0.324054,0.02260637,0.02606669,0.1232228,0
3.11,-0.006126074,-0.005664436,-0.3583774,-0.2964291,0.02260637,0.02692354,0.09002801,0
3.12,-0.01234017,-0.009704004,-0.2469961,-0.2784726,0.02746868,0.02743348,0.06371432,0
3.13,-0.0139134,-0.01322073,-0.1734524,-0.2479148,0.02260637,0.02789678,0.03043587,0
3.14,-0.01409616,-0.01708174,-0.1958353,-0.2313706,0.02260637,0.02777531,0.008518446,0
3.15,-0.01668798,-0.01945927,-0.1971676,-0.2050528,0.02260637,0.02743319,-0.01492246,0
3.16,-0.018684,-0.02156377,-0.1601293,-0.1785464,0.02746868,0.02688501,-0.03664232,0
3.17,-0.01936073,-0.02201831,-0.1473391,-0.1340169,0.02260637,0.02639194,-0.06649993,0
3.18,-0.02037835,-0.02319402,-0.1505366,-0.1054287,0.02746868,0.02539261,-0.08722564,0
3.19,-0.02214286,-0.02256095,-0.1284203,-0.0556378,0.02260637,0.02446644,-0.1195814,0
3.2,-0.02277802,-0.02325452,-0.1028399,-0.02691406,0.02260637,0.02304496,-0.1407608,0
3.21,-0.02345236,-0.02328497,-0.09244783,0.006618511,0.02260637,0.0214825,-0.1641686,0
3.22,-0.02497811,-0.02284062,-0.06020587,0.03867688,0.02260637,0.0197968,-0.1837175,0
3.23,-0.02545929,-0.02236143,-0.01863772,0.06784476,0.02746868,0.01802853,-0.2004038,0
3.24,-0.02463156,-0.02029932,-0.0007847399,0.1118955,0.02260637,0.01645032,-0.2227069,0
3.25,-0.02321973,-0.01906863,-0.01437432,0.1369764,0.02260637,0.01451684,-0.2336142,0
3.26,-0.02375898,-0.01705034,-0.01544017,0.1671646,0.02260637,0.01257332,-0.2471276,0
3.27,-0.02534555,-0.0151603,0.04637912,0.1932696,0.02260637,0.01062123,-0.2580838,0
3.28,-0.02484841,-0.01375079,0.1121954,0.2145328,0.02260637,0.008682666,-0.267253,0
3.29,-0.02288263,-0.01198918,0.1300483,0.2351284,0.02260637,0.00677689,-0.2742305,0
3.3,-0.02076825,-0.009508532,0.1164588,0.2561453,0.02260637,0.004926957,-0.2784433,0
3.31,-0.02063024,-0.006512524,0.1391081,0.2769981,0.01774406,0.003151544,-0.2809967,0
3.32,-0.01906979,-0.005081463,0.1830744,0.2790035,0.01774406,0.001212132,-0.2756513,0
3.33,-0.01701264,-0.003114503,0.1849396,0.285495,0.01288176,-0.0005703595,-0.2722145,0
3.34,-0.01581048,-0.00184692,0.2155828,0.2763424,0.01774406,-0.002441167,-0.2579734,0
3.35,-0.01362243,0.0009611244,0.242229,0.2856443,0.01288176,-0.003819704,-0.252004,0
3.36,-0.01075143,0.002751684,0.2480912,0.2766533,0.01288176,-0.005283505,-0.2349902,0
3.37,-0.00813447,0.005191025,0.2366333,0.2747876,0.008019447,-0.006514796,-0.2224894,0
3.38,-0.006732462,0.006757846,0.2384986,0.2590244,0.003157139,-0.007794165,-0.2027098,0
3.39,-0.005468324,0.007222396,0.2869947,0.2320656,0.003157139,-0.009062195,-0.1787814,0
3.4,-0.001802663,0.008003697,0.3040483,0.2100725,-0.00170517,-0.01002526,-0.1565847,0
3.41,0.002892785,0.008579,0.2659442,0.1781414,-0.00170517,-0.01094763,-0.1257278,0
3.42,0.006732262,0.01049084,0.2011938,0.1574506,-0.00170517,-0.01152549,-0.09846298,0
3.43,0.007857179,0.01300296,0.1686854,0.1418853,-0.00170517,-0.01180866,-0.0735808,0
3.44,0.008668114,0.01496262,0.1910682,0.1274095,-0.006567955,-0.01185334,-0.05396482,0
3.45,0.01237685,0.01520293,0.1689519,0.09919882,-0.006567955,-0.01197093,-0.03219756,0
3.46,0.0152167,0.01640538,0.09167774,0.0809378,-0.01142979,-0.01188922,-0.01536677,0
3.47,0.01498262,0.01675748,0.05810347,0.0487271,-0.01142979,-0.0118833,0.00980254,0
3.48,0.01611697,0.01659678,0.05463946,0.01845612,-0.01142979,-0.01164417,0.03137588,0
3.49,0.01788943,0.0165239,0.004544515,-0.009451019,-0.01142979,-0.01120525,0.05245852,0
3.5,0.01653032,0.01670594,-0.02796391,-0.03414708,-0.006567955,-0.01058562,0.07257535,0
3.51,0.01502658,0.01717326,0.00294574,-0.0453449,-0.01142979,-0.009568935,0.08277576,0
3.52,0.01558368,0.0154022,0.009074375,-0.07601664,-0.01142979,-0.00876023,0.09919915,0
3.53,0.01727671,0.01396227,-0.04475105,-0.09834873,-0.01629257,-0.007864605,0.1097906,0
3.54,0.01703107,0.0119597,-0.1084356,-0.1319614,-0.01142979,-0.007155474,0.1286203,0
3.55,0.01438322,0.01127856,-0.1076362,-0.1450551,-0.01629257,-0.006069797,0.1370695,0
3.56,0.01398342,0.008317387,-0.09244783,-0.1791049,-0.01629257,-0.005200379,0.154296,0
3.57,0.01353531,0.005724946,-0.1289532,-0.2034265,-0.01142979,-0.004241874,0.1652433,0
3.58,0.01110225,0.004611645,-0.1358812,-0.2088322,-0.01142979,-0.002987069,0.1683639,0
3.59,0.009840934,0.002689942,-0.1164295,-0.2179599,-0.01629257,-0.001774663,0.1714119,0
3.6,0.00941124,-0.0005640981,-0.1377465,-0.2379154,-0.01142979,-0.0008742644,0.1767041,0
3.61,0.007392098,-0.00202542,-0.1521354,-0.2337694,-0.01142979,0.0002461015,0.16977,0
3.62,0.005581934,-0.003913796,-0.1361477,-0.2337912,-0.01142979,0.001244597,0.1653427,0
3.63,0.004907399,-0.005996575,-0.1441416,-0.2318194,-0.01629257,0.002123901,0.1577692,0
3.64,0.003169203,-0.008977134,-0.1555994,-0.2418031,-0.01629257,0.002623461,0.15613,0
3.65,0.00132833,-0.01172968,-0.1430757,-0.2468159,-0.01629257,0.003064769,0.1520773,0
3.66,0.0004945513,-0.01432199,-0.1420099,-0.2506561,-0.01142979,0.00344755,0.1495332,0
3.67,-0.00104236,-0.01522533,-0.1534677,-0.2355499,-0.01142979,0.004026802,0.13951,0
3.68,-0.00279401,-0.01633611,-0.1404111,-0.2227755,-0.01629257,0.004476058,0.1303185,0
3.69,-0.003701989,-0.01883187,-0.1345489,-0.2231115,-0.01629257,0.004541178,0.1245209,0
3.7,-0.004798578,-0.02077386,-0.1393452,-0.2162096,-0.01142979,0.004523693,0.1147739,0
3.71,-0.006440129,-0.02114778,-0.1297526,-0.193133,-0.01629257,0.004663821,0.09945559,0
3.72,-0.007384625,-0.02297616,-0.1180282,-0.1896001,-0.01629257,0.004411553,0.09424199,0
3.73,-0.008299943,-0.02437849,-0.119627,-0.1794512,-0.01142979,0.004098665,0.0846175,0
3.74,-0.009684873,-0.02423191,-0.1100343,-0.1530523,-0.01629257,0.003958887,0.06885049,0
3.75,-0.01052769,-0.0255317,-0.09511246,-0.1464543,-0.01142979,0.003438597,0.06319381,0
3.76,-0.01123912,-0.02525514,-0.09244783,-0.1187988,-0.01629257,0.003114326,0.04585354,0
3.77,-0.01223426,-0.02618557,-0.08285518,-0.1107203,-0.01629257,0.002410477,0.03975696,0
3.78,-0.01279363,-0.02687204,-0.06766682,-0.09854162,-0.01142979,0.001671384,0.03074917,0
3.79,-0.01307808,-0.0260163,-0.06047234,-0.07099763,-0.01629257,0.001140566,0.01637873,0
3.8,-0.01375956,-0.02637198,-0.05221199,-0.06299914,-0.01629257,0.0002703934,0.01294184,0
3.81,-0.01419798,-0.02653339,-0.0351584,-0.05080253,-0.01629257,-0.0006022991,0.005893808,0
3.82,-0.01420913,-0.0264644,-0.02503282,-0.03880201,-0.01629257,-0.001485728,0.0005564466,0
3.83,-0.01462855,-0.02609539,-0.0138414,-0.02643833,-0.01629257,-0.00236441,-0.003509384,0
3.84,-0.01458547,-0.02566576,0.008807909,-0.01441287,-0.01629257,-0.003230085,-0.007108821,0
3.85,-0.01411504,-0.02504111,0.0160024,-0.001654606,-0.01629257,-0.00408187,-0.01082164,0
3.86,-0.01385497,-0.0241383,0.02159811,0.0119898,-0.01629257,-0.004921222,-0.01455379,0
3.87,-0.01364749,-0.02312079,0.03545416,0.02553428,-0.01629257,-0.005749155,-0.01832345,0
3.88,-0.01287796,-0.0220503,0.03971756,0.0386347,-0.01629257,-0.006566852,-0.02215698,0
3.89,-0.01247712,-0.02075968,0.04238218,0.05180765,-0.01629257,-0.007373824,-0.02572453,0
3.9,-0.01210226,-0.01945618,0.05783701,0.06363822,-0.01629257,-0.008166144,-0.0286653,0
3.91,-0.01123328,-0.01817027,0.06556442,0.07403167,-0.01629257,-0.008938354,-0.0309742,0
3.92,-0.0105002,-0.01674587,0.06929489,0.08356985,-0.01629257,-0.009683761,-0.03235767,0
3.93,-0.009878227,-0.01529397,0.08021986,0.09151702,-0.01629257,-0.01039364,-0.03262407,0
3.94,-0.008858611,-0.01388628,0.08794726,0.09771255,-0.01142979,-0.01105978,-0.03194513,0
3.95,-0.007926848,-0.01119332,0.08954604,0.1180307,-0.01629257,-0.01143115,-0.03784785,0
3.96,-0.007254448,-0.01004117,0.09913869,0.1167292,-0.01142979,-0.01206839,-0.03322175,0
3.97,-0.006560412,-0.007699263,0.1127283,0.1328611,-0.01629257,-0.01239426,-0.03924333,0
3.98,-0.006579868,-0.006918385,0.1372428,0.1262842,-0.01629257,-0.01298064,-0.03297647,0
3.99,-0.007281275,-0.00633375,0.1993286,0.1203713,-0.02115488,-0.01347843,-0.0283348,0
4,-0.005564398,-0.007353204,0.2576839,0.09504537,-0.02601719,-0.0141272,-0.01282885,0
4.01,-0.0002935259,-0.008729579,0.2294388,0.06071302,-0.02115488,-0.01482475,0.01056555,0
4.02,0.002091985,-0.006784951,0.1649549,0.05387235,-0.02115488,-0.01499675,0.02760935,0
4.03,0.00253788,-0.004734734,0.1708171,0.04453203,-0.02115488,-0.01497246,0.04758362,0
4.04,0.005106437,-0.00331487,0.182275,0.03696347,-0.02601719,-0.01478563,0.06061501,0
4.05,0.009170145,-0.002805094,0.1199228,0.01952162,-0.02601719,-0.01475276,0.07550605,0
4.06,0.01015978,-0.001234943,0.05064252,0.01123706,-0.02115488,-0.01459563,0.08597469,0
4.07,0.008836474,0.001211151,0.07622292,0.01551306,-0.02115488,-0.01409562,0.08949445,0
4.08,0.01057786,0.002267645,0.08821373,0.01047245,-0.02601719,-0.01358522,0.09383897,0
4.09,0.01189947,0.002188794,0.04398096,-0.008264674,-0.02115488,-0.01331764,0.1033203,0
4.1,0.0107685,0.003549522,0.04211572,-0.009145474,-0.02115488,-0.01273107,0.1044121,0
4.11,0.01153114,0.00387316,0.05810347,-0.02037178,-0.02115488,-0.01213996,0.1108279,0
4.12,0.01271343,0.004094523,0.02372981,-0.03164659,-0.02601719,-0.01152204,0.1166739,0
4.13,0.0118195,0.00317595,0.01227193,-0.058472,-0.02601719,-0.01112107,0.1309241,0
4.14,0.01187109,0.001908701,0.02692736,-0.08418705,-0.02115488,-0.0106076,0.1438435,0
4.15,0.01266144,0.001914904,0.004011586,-0.09420319,-0.02601719,-0.009739974,0.1512501,0
4.16,0.01203949,0.0006658495,-0.01570664,-0.1217778,-0.02601719,-0.009079392,0.1687533,0
4.17,0.01153141,-0.0007758872,-0.004248749,-0.1442362,-0.02601719,-0.008310026,0.1808799,0
4.18,0.01192165,-0.002297984,-0.01570664,-0.1648374,-0.02601719,-0.007468714,0.1921076,0
4.19,0.01148085,-0.003559944,-0.03355962,-0.1818216,-0.02601719,-0.006570294,0.2021267,0
4.2,0.01068524,-0.00491366,-0.0287633,-0.1967162,-0.02601719,-0.005633759,0.2102614,0
4.21,0.0108193,-0.006434505,-0.03462548,-0.2093586,-0.02115488,-0.004684221,0.2157488,0
4.22,0.01039149,-0.006520429,-0.05061322,-0.2029386,-0.02601719,-0.003503349,0.2113623,0
4.23,0.009341894,-0.008150116,-0.04928091,-0.2146179,-0.02601719,-0.002678504,0.2146968,0
4.24,0.009044095,-0.009865639,-0.05087968,-0.2210967,-0.02601719,-0.001898681,0.212247,0
4.25,0.008620954,-0.0113421,-0.06473573,-0.226109,-0.02601719,-0.001185757,0.2104136,0
4.26,0.007666256,-0.01267577,-0.07166375,-0.2303914,-0.02601719,-0.0005289526,0.2093286,0
4.27,0.007043396,-0.01407487,-0.07379545,-0.2342671,-0.02115488,7.756718e-05,0.2080465,0
4.28,0.006224987,-0.01417898,-0.07752593,-0.2213688,-0.02601719,0.0008763109,0.1985587,0
4.29,0.005115547,-0.01580326,-0.07512777,-0.2274831,-0.02601719,0.001296538,0.1980033,0
4.3,0.004373774,-0.01738748,-0.0713973,-0.2287395,-0.02601719,0.001662496,0.1928328,0
4.31,0.003799812,-0.01878275,-0.07805885,-0.2294599,-0.02601719,0.001962604,0.189072,0
4.32,0.002827939,-0.01997435,-0.07832532,-0.2294052,-0.02601719,0.0022131,0.1863879,0
4.33,0.002126223,-0.02114647,-0.07432838,-0.2287809,-0.02601719,0.002422424,0.1837757,0
4.34,0.001537894,-0.02219416,-0.07725947,-0.2265645,-0.02601719,0.002590163,0.1805591,0
4.35,0.0007067791,-0.02309538,-0.07832532,-0.2227352,-0.02601719,0.002712376,0.1766792,0
4.36,-7.532421e-05,-0.02395741,-0.07166375,-0.2178855,-0.02601719,0.00278468,0.1720609,0
4.37,-0.0005321748,-0.02475479,-0.07219668,-0.2119561,-0.02601719,0.002802712,0.1667281,0
4.38,-0.001329282,-0.02537507,-0.07539424,-0.2046846,-0.02601719,0.002763886,0.1609499,0
4.39,-0.001910516,-0.02597097,-0.06393635,-0.1970933,-0.02601719,0.002668104,0.1549264,0
4.4,-0.002460692,-0.02645961,-0.06420281,-0.1887896,-0.02601719,0.002516301,0.1486703,0
4.41,-0.003116485,-0.02684812,-0.06340342,-0.1800821,-0.02115488,0.002310816,0.1424487,0
4.42,-0.003685748,-0.02598627,-0.05407724,-0.1561463,-0.02115488,0.002299626,0.1288168,0
4.43,-0.004021224,-0.02538741,-0.05087968,-0.1369972,-0.02601719,0.002163847,0.1173728,0
4.44,-0.004433734,-0.02608586,-0.04821506,-0.1334994,-0.02601719,0.001668772,0.111849,0
4.45,-0.004919675,-0.02652211,-0.04208642,-0.1269313,-0.02601719,0.001139072,0.1047658,0
4.46,-0.005196517,-0.02679644,-0.03702363,-0.1222782,-0.02601719,0.0005888904,0.1014278,0
4.47,-0.005434746,-0.02690136,-0.0330267,-0.1183525,-0.02601719,4.952308e-05,0.1004103,0
4.48,-0.005825589,-0.02688641,-0.02689806,-0.1143287,-0.02601719,-0.0004638474,0.1002887,0
4.49,-0.00592334,-0.02684722,-0.02130235,-0.1100034,-0.02601719,-0.0009487236,0.1001136,0
4.5,-0.005990555,-0.0266931,-0.0159731,-0.1046529,-0.02601719,-0.001409577,0.09945124,0
4.51,-0.006106548,-0.02644897,-0.01037738,-0.09852544,-0.02601719,-0.001852775,0.09828675,0
4.52,-0.006044384,-0.02615935,-0.002383512,-0.09192041,-0.02601719,-0.002284521,0.09659383,0
4.53,-0.006029319,-0.02577707,0.00294574,-0.08477104,-0.02601719,-0.002710152,0.09449315,0
4.54,-0.006033442,-0.02534764,0.006942675,-0.07756623,-0.02601719,-0.003132907,0.09221549,0
4.55,-0.005907395,-0.02489484,0.01280485,-0.0705647,-0.02601719,-0.003553987,0.08990239,0
4.56,-0.005772741,-0.02438515,0.01733471,-0.06376472,-0.02601719,-0.003972838,0.08774664,0
4.57,-0.005509057,-0.02383872,0.02106518,-0.05742344,-0.02601719,-0.00438711,0.08592023,0
4.58,-0.005214042,-0.02322975,0.02266396,-0.05146202,-0.02601719,-0.004793487,0.08447723,0
4.59,-0.004961575,-0.02257513,0.0266609,-0.0460218,-0.02115488,-0.005188333,0.0834659,0
4.6,-0.004627054,-0.02070851,0.0309243,-0.02609012,-0.02601719,-0.005323996,0.07534578,0
4.61,-0.004308318,-0.02035908,0.03278954,-0.02685825,-0.02601719,-0.005764541,0.07717647,0
4.62,-0.004119092,-0.01990802,0.03385539,-0.02425576,-0.02601719,-0.006179053,0.07555517,0
4.63,-0.00374259,-0.01943323,0.03865171,-0.02361479,-0.02601719,-0.006572683,0.07640345,0
4.64,-0.003305012,-0.01890078,0.03865171,-0.02425941,-0.02601719,-0.006924775,0.07916954,0
4.65,-0.002900311,-0.01832887,0.04078341,-0.02557406,-0.02601719,-0.00722312,0.08297531,0
4.66,-0.002514343,-0.01775924,0.04344803,-0.02721838,-0.02601719,-0.007464155,0.08710932,0
4.67,-0.002007414,-0.01721291,0.04291511,-0.02898514,-0.02601719,-0.007650105,0.09115691,0
4.68,-0.001687341,-0.0166539,0.04184926,-0.03060393,-0.02601719,-0.007785839,0.0949688,0
4.69,-0.00128905,-0.01616167,0.04424742,-0.03249631,-0.02115488,-0.007876703,0.09853539,0
4.7,-0.0008547965,-0.0144946,0.04504681,-0.01926755,-0.02601719,-0.007683745,0.09432328,0
4.71,-0.0005189268,-0.01438507,0.04291511,-0.02626197,-0.02601719,-0.007778469,0.09952903,0
4.72,-0.0001315343,-0.01422807,0.04344803,-0.02949539,-0.02601719,-0.007836267,0.1007582,0
4.73,0.0002338941,-0.01401905,0.04318157,-0.03393121,-0.02115488,-0.00786801,0.1039661,0
4.74,0.000575667,-0.01259515,0.04104987,-0.02418135,-0.02601719,-0.007613816,0.1011468,0
4.75,0.0009314124,-0.01272865,0.04104987,-0.03491118,-0.02601719,-0.00763331,0.1084345,0
4.76,0.001395778,-0.01277899,0.03918463,-0.04144488,-0.0308795,-0.007599212,0.1117809,0
4.77,0.001723432,-0.01393747,0.03652001,-0.06368752,-0.02601719,-0.007768826,0.1243345,0
4.78,0.001974543,-0.01355262,0.03465477,-0.06630902,-0.02601719,-0.007563876,0.1283497,0
4.79,0.002275377,-0.0133078,0.033056,-0.07293881,-0.02601719,-0.007310161,0.1362782,0
4.8,0.002531011,-0.01316149,0.02932552,-0.07800443,-0.02601719,-0.007004974,0.1416826,0
4.81,0.002753917,-0.01309322,0.02506212,-0.08176716,-0.02601719,-0.006674682,0.1449359,0
4.82,0.002833404,-0.01308374,0.02266396,-0.08486281,-0.02115488,-0.006337801,0.1469018,0
4.83,0.002987141,-0.01195486,0.02053226,-0.07275746,-0.02601719,-0.005760087,0.1407166,0
4.84,0.003174782,-0.01239645,0.01786764,-0.08075237,-0.02601719,-0.005512828,0.1438522,0
4.85,0.003235271,-0.01274279,0.01200546,-0.0847225,-0.02601719,-0.005268704,0.1431405,0
4.86,0.003281232,-0.01305547,0.009873763,-0.08998881,-0.02601719,-0.005034758,0.1445734,0
4.87,0.003565153,-0.01335931,0.006143287,-0.09614541,-0.02115488,-0.004791964,0.1475632,0
4.88,0.003621212,-0.01237758,0.00187989,-0.08689675,-0.02601719,-0.004285942,0.1436694,0
4.89,0.003515078,-0.01296112,-0.001317661,-0.09759829,-0.0308795,-0.004082093,0.1493094,0
4.9,0.003467056,-0.01472061,-0.003182903,-0.1190811,-0.02601719,-0.004100692,0.1580763,0
4.91,0.003429898,-0.01488774,-0.007179838,-0.1208631,-0.02601719,-0.003789114,0.1587644,0
4.92,0.003259009,-0.01512359,-0.006913375,-0.1268872,-0.02601719,-0.003463207,0.1643514,0
4.93,0.003239769,-0.01546711,-0.00851215,-0.1316504,-0.02601719,-0.003110465,0.1679992,0
4.94,0.003231567,-0.0158221,-0.01250909,-0.1346908,-0.02601719,-0.002752083,0.1696728,0
4.95,0.003013049,-0.01616781,-0.01410786,-0.1365585,-0.02601719,-0.002404506,0.1700758,0
4.96,0.002797804,-0.01656762,-0.01277555,-0.1379826,-0.02601719,-0.002077426,0.1696703,0
4.97,0.002616793,-0.01699351,-0.01490725,-0.139061,-0.02601719,-0.001776075,0.1687765,0
4.98,0.002309202,-0.01741628,-0.01517371,-0.1398923,-0.02601719,-0.00150218,0.1677132,0
4.99,0.00211861,-0.01787224,-0.01490725,-0.1407666,-0.02601719,-0.001255032,0.1666341,0
5,0.001974704,-0.01830358,-0.01650602,-0.1413911,-0.02601719,-0.001033072,0.1655686,0
5.01,0.001760775,-0.01869439,-0.01837126,-0.1417357,-0.02601719,-0.0008344597,0.1645614,0
5.02,0.001538485,-0.01907418,-0.01570664,-0.1419048,-0.02601719,-0.0006576327,0.1635385,0
5.03,0.001423913,-0.01944234,-0.01783834,-0.1418355,-0.02601719,-0.000501872,0.1624241,0
5.04,0.001202064,-0.0197583,-0.01837126,-0.1413433,-0.02601719,-0.0003668417,0.1612227,0
5.05,0.001016649,-0.02006807,-0.01863772,-0.1406955,-0.02601719,-0.0002521413,0.159946,0
5.06,0.0008441815,-0.0203546,-0.01703895,-0.1397769,-0.02601719,-0.0001575471,0.158554,0
5.07,0.0007611418,-0.02061417,-0.01757187,-0.1386262,-0.0308795,-8.276105e-05,0.1571002,0
5.08,0.0006095974,-0.02202318,-0.01650602,-0.1523284,-0.02601719,-0.0002712263,0.1631281,0
5.09,0.0003278319,-0.02187225,-0.01544017,-0.1458142,-0.02601719,-0.0001548189,0.1595938,0
5.1,0.0001078652,-0.02185043,-0.01490725,-0.1435054,-0.02601719,-6.043504e-05,0.1599232,0
5.11,-7.931886e-05,-0.02190308,-0.01304201,-0.1401494,-0.02115488,2.115092e-05,0.1582294,0
5.12,-0.0001640622,-0.02077721,-0.01304201,-0.1208457,-0.02115488,0.0003178808,0.147638,0
5.13,-0.000318869,-0.01995712,-0.01304201,-0.106162,-0.02601719,0.0004992182,0.1386037,0
5.14,-0.0004539205,-0.02056947,-0.01064385,-0.1077409,-0.02601719,0.0003259002,0.1352991,0
5.15,-0.0005451471,-0.02098243,-0.009045072,-0.1065712,-0.02601719,0.0001215007,0.1304521,0
5.16,-0.0006556385,-0.02123896,-0.007979225,-0.1074853,-0.02601719,-9.87401e-05,0.129584,0
5.17,-0.0007337283,-0.02141115,-0.006646913,-0.1096401,-0.0308795,-0.0003016134,0.1312395,0
5.18,-0.0007583313,-0.02273198,-0.00638045,-0.1270984,-0.02601719,-0.0007151968,0.1413592,0
5.19,-0.0007206677,-0.02246328,-0.005048137,-0.1238893,-0.02601719,-0.0007697179,0.1419182,0
5.2,-0.000776174,-0.02224447,-0.004515212,-0.1238983,-0.02601719,-0.0007977381,0.1458617,0
5.21,-0.0007740526,-0.02210268,-0.002916437,-0.1221972,-0.02601719,-0.0007989885,0.1470513,0
5.22,-0.000770039,-0.02198272,-0.001051199,-0.1190127,-0.02601719,-0.0007998578,0.1460201,0
5.23,-0.0007289519,-0.02186613,0.0002811141,-0.1151861,-0.02601719,-0.0008169566,0.1438537,0
5.24,-0.0007218525,-0.02173181,0.001080498,-0.1112373,-0.02115488,-0.000856772,0.1413066,0
5.25,-0.0007183217,-0.02038805,0.002412811,-0.09241106,-0.02601719,-0.0006752629,0.1313227,0
5.26,-0.0007280645,-0.02058073,0.00187989,-0.09415935,-0.02601719,-0.0008363212,0.1312004,0
5.27,-0.0007028375,-0.02067347,0.00294574,-0.0923643,-0.02115488,-0.001007279,0.1276223,0
5.28,-0.0007487439,-0.01947178,0.003212202,-0.0768694,-0.02601719,-0.0009468805,0.1190361,0
5.29,-0.0006850253,-0.01978526,0.002679273,-0.08277749,-0.02115488,-0.001199511,0.121926,0
5.3,-0.0007038508,-0.01874829,0.00187989,-0.06975774,-0.02115488,-0.001179865,0.1143215,0
5.31,-0.0007028285,-0.01797151,0.001346961,-0.06274901,-0.02601719,-0.001214976,0.1110444,0
5.32,-0.0006504935,-0.01858849,0.0008140355,-0.07219903,-0.02601719,-0.001527937,0.114726,0
5.33,-0.0006721309,-0.01898485,1.465157e-05,-0.07819919,-0.02601719,-0.001794245,0.1167739,0
5.34,-0.0006365863,-0.01925993,1.465157e-05,-0.08533054,-0.02601719,-0.002008239,0.1219216,0
5.35,-0.0006801117,-0.01945263,-0.0005182773,-0.09240787,-0.02601719,-0.002151248,0.1283813,0
5.36,-0.0006711866,-0.01962887,-0.0002518147,-0.09861436,-0.02601719,-0.002222392,0.1345994,0
5.37,-0.0006405911,-0.01978122,-0.001317661,-0.1033444,-0.02601719,-0.002232766,0.1397209,0
5.38,-0.0006596321,-0.0199092,0.0002811141,-0.1065222,-0.02115488,-0.002198309,0.1434798,0
5.39,-0.0006518919,-0.0188288,0.001346961,-0.09319678,-0.02115488,-0.00189116,0.1383636,0
5.4,-0.0007190617,-0.01806593,-0.001317661,-0.08362906,-0.02601719,-0.001648903,0.1340798,0
5.41,-0.0007332703,-0.01874712,-0.0002518147,-0.08931123,-0.02601719,-0.001722507,0.1345164,0
5.42,-0.0007495743,-0.0192243,-0.0005182773,-0.0912479,-0.02601719,-0.00180067,0.1324232,0
5.43,-0.0007576083,-0.01955485,0.0002811141,-0.09452145,-0.02601719,-0.001878904,0.1334551,0
5.44,-0.000698391,-0.01979488,0.001346961,-0.09838225,-0.02601719,-0.001932669,0.1363122,0
5.45,-0.000643082,-0.0199586,-0.0005182773,-0.1018333,-0.02601719,-0.001952374,0.139603,0
5.46,-0.0006437143,-0.02007453,0.0005475767,-0.1044538,-0.02115488,-0.001939938,0.1425101,0
5.47,-0.0006362725,-0.01897149,0.0005475767,-0.09100129,-0.02601719,-0.001659038,0.1371205,0
5.48,-0.000655841,-0.01939264,0.0002811141,-0.09676824,-0.02601719,-0.001686597,0.1404166,0
5.49,-0.000685273,-0.0197052,-0.0007847399,-0.09775361,-0.02601719,-0.001703764,0.1390744,0
5.5,-0.0006948563,-0.01993107,-0.0005182773,-0.09923992,-0.02601719,-0.001725701,0.1392011,0
5.51,-0.0007368363,-0.02009595,-0.0005182773,-0.1010831,-0.02115488,-0.001739297,0.1404342,0
5.52,-0.0007346969,-0.01902975,0.0005475767,-0.08767783,-0.02115488,-0.001493841,0.1344893,0
5.53,-0.0006492507,-0.0182668,0.0008140355,-0.0787345,-0.02601719,-0.001312573,0.1304105,0
5.54,-0.0006086644,-0.01888917,-0.001051199,-0.08511524,-0.02601719,-0.001438708,0.1315946,0
5.55,-0.0006345537,-0.01930434,0.0005475767,-0.08785812,-0.02601719,-0.001557764,0.1304541,0
5.56,-0.000640236,-0.01959571,-0.0007847399,-0.09195472,-0.02601719,-0.001665319,0.1323681,0
5.57,-0.0005522141,-0.01981,0.0005475767,-0.09654943,-0.02115488,-0.001738579,0.1359673,0
5.58,-0.0005791551,-0.01874429,-0.001051199,-0.08541876,-0.02601719,-0.001525729,0.1323592,0
5.59,-0.0004851064,-0.01921009,0.002146348,-0.09363081,-0.02115488,-0.001597619,0.1377959,0
5.6,-0.0005125609,-0.01832089,0.001613427,-0.08136042,-0.02601719,-0.00139179,0.1309158,0
5.61,-0.0005090166,-0.01889562,0.0005475767,-0.08934505,-0.02601719,-0.001494645,0.1346963,0
5.62,-0.0005809866,-0.01931024,-0.0005182773,-0.09312112,-0.02601719,-0.001570708,0.1352038,0
5.63,-0.0006205764,-0.01963322,-0.0007847399,-0.09750924,-0.02601719,-0.00162699,0.13767,0
5.64,-0.0007190026,-0.01989218,0.0005475767,-0.101915,-0.02115488,-0.001650025,0.1411356,0
5.65,-0.0007177318,-0.01892863,0.001346961,-0.09061082,-0.02601719,-0.00139305,0.1370447,0
5.66,-0.0007128134,-0.01945957,-0.0007847399,-0.09834103,-0.02115488,-0.001428973,0.1418575,0
5.67,-0.0007051422,-0.0186476,-0.001317661,-0.08569618,-0.02601719,-0.001195289,0.1344003,0
5.68,-0.0007898966,-0.01926357,1.465157e-05,-0.0931417,-0.02601719,-0.001277621,0.1376196,0
5.69,-0.0008563742,-0.01973529,1.465157e-05,-0.09651512,-0.02601719,-0.00133971,0.1376188,0
5.7,-0.0008531856,-0.02009296,0.0002811141,-0.1003983,-0.02115488,-0.001387886,0.1395853,0
5.71,-0.0007936857,-0.01915199,0.001080498,-0.08902182,-0.02601719,-0.00116394,0.13508,0
5.72,-0.0007735628,-0.01967153,0.0005475767,-0.09697752,-0.02601719,-0.001231871,0.1400989,0
5.73,-0.0008182595,-0.02004717,-0.0002518147,-0.09985064,-0.02601719,-0.001269295,0.1405716,0
5.74,-0.0009076898,-0.0203321,-0.0007847399,-0.1027907,-0.02601719,-0.001293824,0.1421849,0
5.75,-0.0009055669,-0.02057499,1.465157e-05,-0.1056815,-0.02601719,-0.001297459,0.1444258,0
5.76,-0.0009357914,-0.02076028,1.465157e-05,-0.1079078,-0.02601719,-0.001278977,0.1465584,0
5.77,-0.001013827,-0.02091622,1.465157e-05,-0.1093859,-0.02115488,-0.001242764,0.1481993,0
5.78,-0.000984199,-0.01986066,1.465157e-05,-0.09496605,-0.02601719,-0.0009516145,0.1416503,0
5.79,-0.0009045884,-0.02029874,0.0002811141,-0.09981664,-0.02601719,-0.0009800601,0.143995,0
5.8,-0.0008892003,-0.02057963,0.0005475767,-0.09986836,-0.02601719,-0.001006451,0.1419216,0
5.81,-0.0008228595,-0.02075843,1.465157e-05,-0.1005266,-0.02601719,-0.00104364,0.1414631,0
5.82,-0.0007484643,-0.02085472,0.00187989,-0.1015534,-0.02115488,-0.001077122,0.1421765,0
5.83,-0.0008072688,-0.01969096,-0.0007847399,-0.08731864,-0.02601719,-0.0008552491,0.1357793,0
5.84,-0.000714161,-0.02007659,0.001346961,-0.09307094,-0.02601719,-0.0009444591,0.1388381,0
5.85,-0.0006508825,-0.02031392,0.001080498,-0.09417011,-0.02601719,-0.00101982,0.1376857,0
5.86,-0.0006237048,-0.02044704,-0.0007847399,-0.09589928,-0.02601719,-0.00109323,0.1382731,0
5.87,-0.0006216097,-0.02052911,-0.0007847399,-0.09809056,-0.02601719,-0.001150328,0.1400329,0
5.88,-0.0005795156,-0.02059149,1.465157e-05,-0.1002294,-0.02601719,-0.001184795,0.1421075,0
5.89,-0.0006304057,-0.02063004,0.0005475767,-0.1019338,-0.02115488,-0.001197392,0.1440013,0
5.9,-0.000625554,-0.01948027,-0.0005182773,-0.08809152,-0.02601719,-0.0009482293,0.1379796,0
5.91,-0.0006699729,-0.01986193,0.001080498,-0.09383394,-0.02601719,-0.001010002,0.1410272,0
5.92,-0.0007341527,-0.02015023,-0.0002518147,-0.09513238,-0.02115488,-0.001060132,0.1397699,0
5.93,-0.0007448205,-0.01916354,-0.0007847399,-0.08197166,-0.02601719,-0.0008670046,0.1326807,0
5.94,-0.0007125831,-0.01965743,0.0002811141,-0.08933127,-0.0308795,-0.0009833307,0.136364,0
5.95,-0.0006838955,-0.0212038,1.465157e-05,-0.1075934,-0.02601719,-0.001318377,0.1440609,0
5.96,-0.0007097782,-0.02109871,-0.0005182773,-0.1062717,-0.02601719,-0.001313358,0.1440865,0
5.97,-0.0007054774,-0.02104837,1.465157e-05,-0.1092655,-0.02601719,-0.001282549,0.1490478,0
5.98,-0.0007446922,-0.02104311,0.0005475767,-0.110777,-0.02601719,-0.001214249,0.1520103,0
5.99,-0.0007072873,-0.02107644,0.0008140355,-0.1108697,-0.02601719,-0.0011306,0.1529918,0
6,-0.0006387457,-0.02110091,0.0008140355,-0.1099384,-0.02601719,-0.001048698,0.1526925,0
6.01,-0.0005960176,-0.02110073,1.465157e-05,-0.1084475,-0.02115488,-0.0009781203,0.1517169,0
6.02,-0.0005760099,-0.01988173,-0.0005182773,-0.09159119,-0.0308795,-0.0006789507,0.1429146,0
6.03,-0.0005782561,-0.02140138,-0.0002518147,-0.1100733,-0.02601719,-0.0009635457,0.1510988,0
6.04,-0.0006228384,-0.02127951,-0.002117053,-0.104553,-0.02601719,-0.0009358437,0.1459342,0
6.05,-0.000637376,-0.02119306,1.465157e-05,-0.1044681,-0.02601719,-0.0009294039,0.1469126,0
6.06,-0.0006594961,-0.02114124,1.465157e-05,-0.1043799,-0.02601719,-0.0009150377,0.1476027,0
6.07,-0.0006511724,-0.02111495,-0.0002518147,-0.1039503,-0.02601719,-0.0008979439,0.147652,0
6.08,-0.0006567041,-0.02109322,1.465157e-05,-0.1033066,-0.02601719,-0.0008832463,0.1473397,0
6.09,-0.0006539587,-0.02107752,1.465157e-05,-0.1026524,-0.02601719,-0.0008731806,0.1469048,0
6.1,-0.0006758246,-0.02106221,0.0008140355,-0.102055,-0.02601719,-0.0008680454,0.1464735,0
6.11,-0.0006266449,-0.02105535,-0.0002518147,-0.1016031,-0.02601719,-0.0008671378,0.1461181,0
6.12,-0.0006815888,-0.02103002,1.465157e-05,-0.101173,-0.02115488,-0.0008693165,0.145864,0
6.13,-0.0007650129,-0.01982323,0.001080498,-0.08579203,-0.02115488,-0.0006292327,0.1382008,0
6.14,-0.0007078613,-0.01897793,0.0002811141,-0.07550883,-0.02601719,-0.0004691217,0.1326199,0
6.15,-0.0007491863,-0.01953973,-0.0005182773,-0.08111818,-0.02601719,-0.0006278791,0.1327532,0
6.16,-0.0006974167,-0.01993033,-0.001051199,-0.08373877,-0.02601719,-0.0007853978,0.1310952,0
6.17,-0.000708958,-0.02017031,-0.001584124,-0.08793835,-0.02601719,-0.000931991,0.1329437,0
6.18,-0.0007370029,-0.02034625,0.0008140355,-0.09297504,-0.02601719,-0.001040822,0.1368299,0
6.19,-0.0007072826,-0.020497,-0.0007847399,-0.09781191,-0.02601719,-0.001101848,0.1411895,0
6.2,-0.0007239596,-0.02061712,-0.001317661,-0.1017774,-0.02601719,-0.00111777,0.1451332,0
6.21,-0.0006923267,-0.0207337,0.0002811141,-0.1047787,-0.02601719,-0.001097497,0.1482589,0
6.22,-0.0007265504,-0.02082976,0.0002811141,-0.1067088,-0.02601719,-0.00105205,0.150432,0
6.23,-0.0007969056,-0.02093081,-0.0002518147,-0.1078384,-0.02601719,-0.0009920473,0.15173,0
6.24,-0.0007715386,-0.0210436,0.001080498,-0.1083564,-0.02601719,-0.0009264147,0.1522864,0
6.25,-0.0007683309,-0.02112711,0.0005475767,-0.1082602,-0.02601719,-0.0008618472,0.1523059,0
6.26,-0.0007969506,-0.02119359,-0.001051199,-0.1078138,-0.02601719,-0.0008026413,0.1519843,0
6.27,-0.0008412187,-0.02125556,0.0005475767,-0.1071815,-0.02601719,-0.0007513784,0.151422,0
6.28,-0.000824523,-0.02131666,-0.0007847399,-0.1064723,-0.02601719,-0.0007094505,0.1507256,0
6.29,-0.0007895514,-0.02135358,-0.0005182773,-0.1056549,-0.02601719,-0.0006771197,0.1499978,0
6.3,-0.0007798817,-0.02136534,-0.0005182773,-0.1047965,-0.02601719,-0.000653756,0.149312,0
6.31,-0.0008274844,-0.02136691,0.0002811141,-0.1039863,-0.02601719,-0.0006383655,0.1486775,0
6.32,-0.0009007003,-0.02138016,0.0008140355,-0.1033284,-0.02601719,-0.0006299539,0.148097,0
6.33,-0.000928234,-0.02140981,-0.0005182773,-0.1028438,-0.02115488,-0.0006274467,0.1475945,0
6.34,-0.0009095565,-0.02023,0.0008140355,-0.08725199,-0.02601719,-0.0003854191,0.1396871,0
6.35,-0.0009069428,-0.02057055,-0.0007847399,-0.09177485,-0.02601719,-0.0004696872,0.1414475,0
6.36,-0.0009238704,-0.02080023,0.0005475767,-0.09223101,-0.02601719,-0.0005513617,0.1393892,0
6.37,-0.0009290298,-0.02094942,-0.0007847399,-0.09372051,-0.02601719,-0.0006381148,0.1393928,0
6.38,-0.0009174554,-0.02104886,-0.001584124,-0.09592742,-0.02601719,-0.0007119445,0.1408906,0
6.39,-0.000944433,-0.02111651,-0.0005182773,-0.09820893,-0.02601719,-0.0007634256,0.1429648,0
6.4,-0.000906213,-0.02118033,0.0002811141,-0.1002499,-0.02115488,-0.0007912404,0.1450122,0
6.41,-0.0008856666,-0.02001619,0.001080498,-0.08654974,-0.02601719,-0.0005546159,0.1391919,0
6.42,-0.0009574231,-0.02038157,0.0008140355,-0.09243368,-0.02115488,-0.0006260657,0.1424618,0
6.43,-0.0009868955,-0.01946257,0.001613427,-0.07868452,-0.02601719,-0.0004393922,0.1338271,0
6.44,-0.0009856849,-0.02000119,0.001346961,-0.08563437,-0.02601719,-0.000575307,0.1363443,0
6.45,-0.0009429633,-0.0203771,-0.001051199,-0.08886516,-0.02601719,-0.0006922142,0.1361527,0
6.46,-0.0009209735,-0.02062178,0.0002811141,-0.09288263,-0.02601719,-0.0007917273,0.1383472,0
6.47,-0.0007887396,-0.02079554,-0.0007847399,-0.09714992,-0.02601719,-0.0008566832,0.1418294,0
6.48,-0.0008435316,-0.02089079,-0.001317661,-0.1007345,-0.02601719,-0.0008824533,0.1454021,0
6.49,-0.0007840328,-0.02099918,0.0002811141,-0.1036621,-0.02601719,-0.0008738583,0.1484081,0
6.5,-0.0008631716,-0.02107707,-0.001317661,-0.1055354,-0.02601719,-0.0008401867,0.150542,0
6.51,-0.0007572019,-0.02117866,1.465157e-05,-0.1067583,-0.02601719,-0.0007912979,0.1518708,0
6.52,-0.0007404433,-0.02122936,-0.0005182773,-0.107081,-0.02601719,-0.0007356741,0.1524861,0
6.53,-0.0007270629,-0.02127115,1.465157e-05,-0.1069564,-0.02115488,-0.0006797464,0.1526014,0
6.54,-0.0006735919,-0.02009938,1.465157e-05,-0.09129797,-0.02115488,-0.0003839846,0.1447843,0
6.55,-0.0006432016,-0.01923895,-0.0005182773,-0.0802801,-0.02601719,-0.0001746583,0.138731,0
6.56,-0.0006759828,-0.01980374,-0.0002518147,-0.08516263,-0.02601719,-0.000292883,0.1381874,0
6.57,-0.000723695,-0.02019525,-0.0002518147,-0.08701045,-0.02601719,-0.0004197014,0.1357231,0
6.58,-0.0007616016,-0.02046993,-0.001051199,-0.09068846,-0.02601719,-0.0005452915,0.1368,0
6.59,-0.0006962898,-0.02067786,0.0002811141,-0.09529965,-0.02601719,-0.0006415132,0.1400235,0
6.6,-0.0006573905,-0.0208168,0.0002811141,-0.09966223,-0.02601719,-0.000696347,0.143905,0
6.61,-0.0005765933,-0.02092344,0.0005475767,-0.1033043,-0.02601719,-0.0007104314,0.1475237,0
6.62,-0.0005303484,-0.02099503,-0.0002518147,-0.105905,-0.02601719,-0.0006913869,0.1503817,0
6.63,-0.0005181305,-0.02105265,0.0005475767,-0.1075575,-0.02601719,-0.00064949,0.1523428,0
6.64,-0.0005276263,-0.02110905,1.465157e-05,-0.1084301,-0.02601719,-0.0005948597,0.1534471,0
6.65,-0.0005637943,-0.02116809,-0.0002518147,-0.1087255,-0.02601719,-0.0005359597,0.1538611,0
6.66,-0.0005664717,-0.02123416,-0.0002518147,-0.1086619,-0.02601719,-0.0004788757,0.1537923,0
6.67,-0.0005690363,-0.02129001,-0.0002518147,-0.1083213,-0.02601719,-0.0004273529,0.1534299,0
6.68,-0.000528196,-0.02133571,-0.0007847399,-0.1078426,-0.02601719,-0.0003832101,0.1529268,0
6.69,-0.0005404938,-0.02135699,0.0005475767,-0.1072322,-0.0308795,-0.0003469933,0.152366,0
6.7,-0.0005228412,-0.02258257,0.001080498,-0.1218533,-0.02601719,-0.0005626124,0.1593265,0
6.71,-0.0005513318,-0.02225658,0.0005475767,-0.116375,-0.02601719,-0.0004621838,0.1567702,0
6.72,-0.0005869984,-0.0220403,0.0005475767,-0.1151376,-0.02601719,-0.0003724485,0.1581904,0
6.73,-0.0005381634,-0.02191257,0.0008140355,-0.1130337,-0.02601719,-0.0002839195,0.1576604,0
6.74,-0.0005438111,-0.02180681,-0.001317661,-0.1101944,-0.02601719,-0.0002130863,0.1557526,0
6.75,-0.0005256994,-0.02172644,0.0002811141,-0.1073837,-0.02601719,-0.0001678925,0.1533917,0
6.76,-0.0005023183,-0.02165086,-0.0007847399,-0.1049018,-0.02601719,-0.0001485285,0.1511234,0
6.77,-0.0004880385,-0.02157497,1.465157e-05,-0.1029298,-0.02601719,-0.0001509448,0.1492557,0
