t,theta,theta_sim,theta_p,theta_p_sim,phi,phi_sim,phi_p,phi_p_sim
0,0,0,0,0,0,0,0,0
0.01,2.820837e-05,0,-0.0001505762,0,0.003181696,0,0,0
0.02,4.087197e-05,0.0009162682,-0.0001505762,0.07739496,-0.001680374,0.002873391,0.02823987,0
0.03,6.495023e-05,-0.0006336058,-0.001216426,-0.05628059,0.003181696,-0.001053004,-0.02778794,0
0.04,5.404492e-05,0.0008688539,-0.0009499639,0.0731595,0.003181696,0.00251549,0.01185365,0
0.05,9.69038e-05,0.0007389092,-0.001482889,0.05566571,-0.001680374,0.00321278,0.01621017,0
0.06,7.034044e-05,-0.0008013492,-0.0009499639,-0.07262671,-0.001680374,-0.001159728,-0.04726204,0
0.07,2.259735e-05,-0.0005977708,-0.0009499639,-0.05821608,-0.001680374,-0.002022727,-0.03942127,0
0.08,8.969198e-06,-0.0004068459,0.0009152703,-0.04714918,-0.001680374,-0.00194615,-0.007461446,0
0.09,1.525065e-05,-0.0003361223,0.0006488077,-0.03596376,0.003181696,-0.0016901,0.0107911,0
0.1,2.613072e-05,0.001079999,0.0003823452,0.09109786,-0.001680374,0.002853372,0.05972452,0
0.11,-2.472991e-05,-0.0005268016,0.0001158826,-0.04351048,-0.001680374,-0.0007820392,-0.003692612,0
0.12,-5.503103e-05,-0.0005172953,-0.0009499639,-0.0351779,-0.001680374,-0.00167555,-0.02207519,0
0.13,-8.479041e-05,-0.0003391068,-0.001749352,-0.0282497,0.003181696,-0.001811563,-0.00660478,0
0.14,-8.640029e-05,0.001042144,-0.001216426,0.09356438,0.003181696,0.002691721,0.04843358,0
0.15,-7.32642e-05,0.0007368946,-0.001216426,0.0729921,-0.001680374,0.003498705,0.03358314,0
0.16,-0.0001065754,-0.0008760088,0.0001158826,-0.05963502,-0.001680374,-0.001022417,-0.0441966,0
0.17,-7.003675e-05,-0.0006899966,0.0003823452,-0.04860144,0.003181696,-0.002007385,-0.0427092,0
0.18,-4.664603e-05,0.0009428706,0.0006488077,0.07958766,0.003181696,0.002405941,0.03101121,0
0.19,-5.308121e-05,0.0007083038,0.001448195,0.0625163,0.003181696,0.003358244,0.03005708,0
0.2,-7.928893e-05,0.0004177661,0.0009152703,0.04815279,-0.001680374,0.003343358,0.001209348,0
0.21,-9.025261e-05,-0.001065045,0.0001158826,-0.080763,-0.001680374,-0.001270848,-0.05882825,0
0.22,-0.0001185559,-0.0008027209,-0.0009499639,-0.06390861,-0.001680374,-0.00211742,-0.04422894,0
0.23,-0.0001122694,-0.0005738637,-0.002015814,-0.05049074,-0.001680374,-0.001984906,-0.008087256,0
0.24,-0.0001865552,-0.0004711154,-0.001216426,-0.03726094,0.003181696,-0.001693504,0.0116186,0
0.25,-0.000167055,0.0008477612,0.0006488077,0.08728996,-0.001680374,0.002859609,0.0604811,0
0.26,-6.938147e-05,-0.0007464061,0.001181737,-0.04540396,-0.001680374,-0.0007749465,-0.003335495,0
0.27,-8.242852e-05,-0.0005322667,0.001448195,-0.02992349,0.003181696,-0.00166767,-0.02169203,0
0.28,-4.794058e-05,0.001026444,0.002514046,0.09303745,0.003181696,0.002581222,0.03652671,0
0.29,-3.219645e-05,0.0007943569,0.001448195,0.07309496,-0.001680374,0.003397031,0.02790436,0
0.3,-2.512735e-05,-0.0008230051,-0.0001505762,-0.0602034,-0.001680374,-0.001074136,-0.04603486,0
0.31,-4.504039e-05,-0.0005969885,0.0001158826,-0.04776216,0.003181696,-0.002024023,-0.04288499,0
0.32,1.108669e-05,0.0009596183,-0.0004170388,0.07768017,0.003181696,0.00240306,0.03131117,0
0.33,-5.405716e-05,0.0007594536,0.0001158826,0.06237245,-0.001680374,0.003361733,0.0303871,0
0.34,1.070447e-05,-0.0009461495,0.001181737,-0.07087915,-0.001680374,-0.001043256,-0.04148607,0
0.35,-9.572672e-06,-0.0006303654,0.001714658,-0.05240516,0.003181696,-0.001972871,-0.03866999,0
0.36,-4.618907e-05,0.0009558179,0.001448195,0.07502345,0.003181696,0.002449516,0.03468888,0
0.37,-9.490521e-05,0.0006510082,0.0001158826,0.05712654,-0.001680374,0.003394525,0.03246978,0
0.38,-0.0001006092,-0.001026627,-0.0001505762,-0.07358758,0.003181696,-0.00102071,-0.04021652,0
0.39,-8.453317e-05,0.0005614213,-0.0009499639,0.05970176,-0.001680374,0.002431138,0.005455587,0
0.4,-7.099452e-05,-0.0008282099,-0.0004170388,-0.06924462,0.003181696,-0.001219356,-0.02737191,0
0.41,-8.816025e-05,0.0006499641,-0.002015814,0.06363815,0.003181696,0.002524976,0.01764197,0
0.42,-0.0001282088,0.0005228078,0.0001158826,0.0495774,-0.001680374,0.003271248,0.02155661,0
0.43,-0.0001600972,-0.00110023,-0.0006835088,-0.07927556,-0.001680374,-0.001107308,-0.04371432,0
0.44,-8.031135e-05,-0.000884206,0.0001158826,-0.06219393,-0.001680374,-0.001986417,-0.03740431,0
0.45,-3.969241e-05,-0.0005043735,0.0001158826,-0.0438826,0.003181696,-0.00192113,-0.006153536,0
0.46,-5.834118e-05,0.001002257,0.001714658,0.08569336,-0.001680374,0.002713645,0.05448926,0
0.47,1.712066e-06,-0.0006454355,0.001448195,-0.04905044,-0.001680374,-0.0008270831,-0.00365201,0
0.48,7.471765e-06,-0.0004968898,-0.0009499639,-0.03450345,-0.001680374,-0.001670612,-0.02043303,0
0.49,-1.610042e-05,-0.0002595848,-0.0001505762,-0.02602564,0.003181696,-0.001793487,-0.004934935,0
0.5,-4.19223e-05,0.001127841,-0.001216426,0.09545355,-0.001680374,0.002706106,0.04919446,0
0.51,-0.0001136039,-0.0005581228,-0.0006835088,-0.04325914,-0.001680374,-0.0008861357,-0.009504089,0
0.52,-0.0001062287,-0.0006004269,0.0003823452,-0.03658389,-0.001680374,-0.001733469,-0.0247689,0
0.53,-0.000123304,-0.0003843344,0.0009152703,-0.02794189,-0.001680374,-0.001836828,-0.007487614,0
0.54,-9.792103e-05,-0.0003314669,0.001448195,-0.02219586,0.003181696,-0.001706462,0.005224492,0
0.55,-0.0001597785,0.001079898,0.0001158826,0.1011325,-0.001680374,0.002788442,0.0532698,0
0.56,-0.0001142182,-0.0006492613,0.0003823452,-0.04001521,-0.001680374,-0.0008542116,-0.009153273,0
0.57,-0.0001683633,-0.0005455622,0.0001158826,-0.02926486,-0.001680374,-0.001732017,-0.02599865,0
0.58,-8.35141e-05,-0.0004057894,-0.0001505762,-0.02527233,0.003181696,-0.001853104,-0.00910898,0
0.59,-4.278087e-05,0.001103272,0.0001158826,0.1001277,0.003181696,0.002665382,0.04659938,0
0.6,-1.287703e-05,0.0008473382,0.0006488077,0.07919889,-0.001680374,0.00347863,0.03220901,0
0.61,7.267683e-05,-0.00076146,0.0003823452,-0.05489963,-0.001680374,-0.001040498,-0.04567096,0
0.62,3.943208e-05,-0.0004398526,-0.0009499639,-0.04081503,0.003181696,-0.002023011,-0.04407127,0
0.63,-1.880807e-05,0.001093546,0.0009152703,0.0817529,0.003181696,0.00238804,0.02974963,0
0.64,-2.648099e-05,0.0007280802,0.0006488077,0.06011666,-0.001680374,0.003340376,0.028711,0
0.65,-4.332831e-05,-0.0009197406,0.001181737,-0.07046277,-0.001680374,-0.00105906,-0.04258783,0
0.66,2.328776e-05,-0.0007019757,0.0006488077,-0.05552045,-0.001680374,-0.001983291,-0.03894227,0
0.67,-7.245289e-06,-0.0003553409,0.001448195,-0.04019203,0.003181696,-0.001940884,-0.008334864,0
0.68,-1.555135e-05,0.001042757,-0.0001505762,0.08482903,0.003181696,0.002688317,0.05258962,0
0.69,-5.632817e-05,0.0007388575,-0.002015814,0.06683967,0.003181696,0.003544271,0.03833485,0
0.7,-0.0001029452,0.0004183696,-0.001216426,0.05080319,0.003181696,0.00341661,0.002642229,0
0.71,-3.027743e-05,0.0002629139,-0.001216426,0.03706232,0.003181696,0.003130929,-0.01669098,0
0.72,5.492631e-05,0.0002950057,-0.0004170388,0.03045498,-0.001680374,0.002973475,-0.02202231,0
0.73,9.449054e-05,-0.0009939964,0.001181737,-0.09089732,-0.001680374,-0.00145713,-0.0638887,0
0.74,7.386375e-05,-0.0006614318,0.001181737,-0.06984718,-0.001680374,-0.002152086,-0.0415034,0
0.75,0.0001467324,-0.0004222738,0.0009152703,-0.05450534,0.003181696,-0.001953763,-0.003858813,0
0.76,0.0001315514,0.001115859,0.0003823452,0.07919677,-0.001680374,0.00274173,0.05828963,0
0.77,0.000158106,-0.0005082531,-0.0006835088,-0.0533457,0.003181696,-0.0007832458,0.0002116933,0
0.78,0.000205944,0.0009558994,-0.0006835088,0.07773475,-0.001680374,0.00276057,0.02575308,0
0.79,0.0001561627,-0.0004278025,-0.001482889,-0.05373936,0.003181696,-0.001050192,-0.02231144,0
0.8,0.0001875131,0.0009575445,0.0006488077,0.0720208,-0.001680374,0.002560429,0.0157404,0
0.81,0.0001052215,-0.0004765812,0.001181737,-0.05987375,-0.001680374,-0.001141958,-0.02512095,0
0.82,2.832818e-05,-0.0004856676,0.001448195,-0.05056248,-0.001680374,-0.001853083,-0.02678016,0
0.83,4.695223e-05,-0.0003709155,0.001981121,-0.04198231,-0.001680374,-0.00184405,-0.003815339,0
0.84,5.755504e-06,-0.0002606249,0.001181737,-0.03059861,-0.001680374,-0.001660402,0.01032093,0
0.85,6.555499e-06,-0.0002495966,-0.0006835088,-0.0236153,0.003181696,-0.001544765,0.01495527,0
0.86,-1.293779e-05,0.001148759,-0.002015814,0.1000645,-0.001680374,0.002880689,0.05747443,0
0.87,5.873595e-05,-0.0005090238,-0.001749352,-0.03865837,-0.001680374,-0.0008109768,-0.007538974,0
0.88,0.0001154071,-0.0003596857,0.001448195,-0.02722419,-0.001680374,-0.001714008,-0.0253332,0
0.89,0.000148292,-7.822463e-05,0.001448195,-0.01957915,0.003181696,-0.001843945,-0.008798128,0
0.9,0.0001308608,0.001361742,0.0009152703,0.1015565,-0.001680374,0.002666657,0.04663621,0
0.91,0.0001533427,-0.000333729,0.001181737,-0.03933562,-0.001680374,-0.0009140628,-0.01120617,0
0.92,0.0001917547,-0.0002764112,-0.0001505762,-0.03068089,-0.001680374,-0.001750625,-0.02586893,0
0.93,0.0001307184,-3.237354e-05,-0.0004170388,-0.02320161,-0.001680374,-0.001848323,-0.008116771,0
0.94,0.000117839,-5.589345e-05,-0.0009499639,-0.02144697,0.003181696,-0.001715867,0.004654979,0
0.95,0.0001294584,0.001287093,-0.001482889,0.09933532,-0.001680374,0.002781518,0.05293171,0
0.96,0.0001387254,-0.0003558211,-0.0009499639,-0.0388783,-0.001680374,-0.0008535106,-0.008801663,0
0.97,0.0001880022,-0.0002962583,0.0009152703,-0.03043383,-0.001680374,-0.001726424,-0.02513198,0
0.98,0.0002601662,-3.343383e-05,0.0003823452,-0.02242813,-0.001680374,-0.001841056,-0.008121775,0
0.99,0.0002710294,0.0001168737,0.0003823452,-0.01543552,0.003181696,-0.001712952,0.004569242,0
1,0.0002425935,0.001493878,0.0009152703,0.1044068,-0.001680374,0.002780047,0.05271654,0
1.01,0.000308059,-0.000216751,0.0006488077,-0.03735993,0.003181696,-0.0008603723,-0.009553747,0
1.02,0.000290247,0.001243605,-0.0001505762,0.08897761,0.003181696,0.002655527,0.01722628,0
1.03,0.0002578692,0.001076876,-0.0009499639,0.06653189,-0.001680374,0.00324902,0.01485185,0
1.04,0.0002294929,-0.0005859237,0.0001158826,-0.06877895,0.003181696,-0.00118236,-0.05072748,0
1.05,0.000226173,0.0009332675,-0.0004170388,0.06000565,-0.001680374,0.002330554,0.0006739013,0
1.06,0.0002696676,-0.0005159451,-0.0001505762,-0.07134463,-0.001680374,-0.001264972,-0.0287418,0
1.07,0.0003169382,-0.000361851,0.0003823452,-0.05412317,0.003181696,-0.001874707,-0.02492435,0
1.08,0.0003019369,0.001273618,0.0009152703,0.07708855,-0.001680374,0.002572916,0.04278734,0
1.09,0.000328834,-0.0003386389,0.0006488077,-0.0567224,-0.001680374,-0.0009178699,-0.006728923,0
1.1,0.0003424474,-0.000232733,0.0001158826,-0.04240818,0.003181696,-0.001689929,-0.01888744,0
1.11,0.0003387245,0.001359483,0.0006488077,0.08463554,-0.001680374,0.002619289,0.04141093,0
1.12,0.0003342783,-0.0002467588,-0.0009499639,-0.05114105,-0.001680374,-0.0009362663,-0.01008542,0
1.13,0.0002980373,-0.0001922016,-0.001216426,-0.04022009,0.003181696,-0.001725869,-0.02187909,0
1.14,0.0002533473,0.001320153,-0.0006835088,0.08368229,-0.001680374,0.002587154,0.03928744,0
1.15,0.000183121,-0.0003486183,-0.0004170388,-0.05373814,-0.001680374,-0.0009580478,-0.01126348,0
1.16,0.000137615,-0.0003796041,0.0003823452,-0.04473182,-0.001680374,-0.001737629,-0.022281,0
1.17,0.0001547946,-0.000220527,0.0006488077,-0.03616406,-0.001680374,-0.001805178,-0.003683778,0
1.18,0.0001052811,-0.0001132726,0.0006488077,-0.02669654,-0.001680374,-0.001661899,0.008995397,0
1.19,5.211702e-05,-0.0001239884,0.0009152703,-0.02162483,0.003181696,-0.001560011,0.01346154,0
1.2,9.114856e-05,0.00119411,0.0003823452,0.09882461,-0.001680374,0.002864027,0.05635156,0
1.21,-1.643597e-05,-0.0003980205,-0.0009499639,-0.03748553,0.003181696,-0.0008202381,-0.008025378,0
1.22,-1.275708e-05,0.0008689396,-0.001216426,0.08262002,-0.001680374,0.002668656,0.01772743,0
1.23,4.711862e-05,-0.0006141685,-0.001482889,-0.05298804,0.003181696,-0.00113613,-0.02840973,0
1.24,-2.60813e-05,0.0008949605,0.0009152703,0.07663374,0.003181696,0.002502034,0.01225766,0
1.25,-1.052801e-06,0.0006693768,0.001714658,0.0555518,0.003181696,0.003210242,0.01608864,0
1.26,1.286562e-05,0.000439247,0.0006488077,0.04309931,-0.001680374,0.003225716,-0.004730685,0
1.27,0.003888526,-0.0009882156,0.0009152703,-0.08344413,0.003181696,-0.001318757,-0.05956053,0
1.28,0.04879114,0.005607562,0.8461343,0.2085341,0.01776886,0.002356732,0.003553398,0
1.29,0.06644894,0.06733887,5.743714,2.323396,0.008044004,0.01732514,0.1862976,0
1.3,0.1439826,0.08712471,7.480517,2.099851,-0.006542921,0.01020588,-0.008605331,0
1.31,0.2273225,0.1771986,5.180413,4.131949,-0.006542921,-0.004922707,-0.3369206,0
1.32,0.2569097,0.2819698,3.596027,6.013492,0.008044004,-0.008735364,-0.3270458,0
1.33,0.2490907,0.3142583,4.876379,5.286567,-0.001680374,0.00191605,-0.3253695,0
1.34,0.3043052,0.2825186,6.236937,2.512028,-0.01140523,-0.007284474,-0.6475224,0
1.35,0.377375,0.3333829,5.472989,3.06339,-0.01626778,-0.01670781,-0.6080768,0
1.36,0.4159126,0.4177746,4.131617,4.291044,-0.02113008,-0.01917669,-0.1382165,0
1.37,0.4358898,0.4551935,4.044483,3.642931,-0.02599263,-0.02081648,0.1389453,0
1.38,0.4819362,0.4633454,4.147071,2.307601,-0.02599263,-0.02374323,0.2264278,0
1.39,0.5602844,0.5070761,3.447341,2.494056,-0.02599263,-0.02169454,0.4877784,0
1.4,0.6148074,0.5959038,2.424658,3.918952,-0.01626778,-0.01749778,0.875259,0
1.41,0.6228631,0.6565718,1.691087,4.092161,-0.006542921,-0.005682193,1.189335,0
1.42,0.6342952,0.6514788,1.332961,2.193445,0.01290655,0.005195545,1.24559,0
1.43,0.6633212,0.650878,0.5836687,1.165105,0.03235579,0.0248916,1.419729,0
1.44,0.6822386,0.6772074,-0.4091705,1.202511,0.06153011,0.04767995,1.790214,0
1.45,0.6682403,0.6961045,-1.080656,1.083445,0.08584213,0.07972425,2.200366,0
1.46,0.6436669,0.6700592,-1.173918,-0.4380779,0.115016,0.1073042,2.350825,0
1.47,0.6283504,0.6314641,-1.58054,-1.78618,0.1490526,0.1375415,2.455511,0
1.48,0.6122967,0.6100707,-2.509161,-2.132916,0.1879518,0.1732237,2.699022,0
1.49,0.5798697,0.5930455,-3.248861,-2.162511,0.2219882,0.2143204,2.966608,0
1.5,0.5328776,0.554674,-3.429789,-2.856609,0.2657495,0.2505975,3.009923,0
1.51,0.4959099,0.500935,-3.456968,-3.608167,0.3046484,0.2933149,3.0065,0
1.52,0.4608327,0.4604671,-3.737553,-3.703145,0.3484097,0.3327439,2.94964,0
1.53,0.4180844,0.4273809,-4.160163,-3.433251,0.3873086,0.3755271,2.916068,0
1.54,0.3639408,0.3840605,-4.357079,-3.547272,0.4310699,0.4137062,2.736979,0
1.55,0.316907,0.3277672,-4.244898,-3.869658,0.4748313,0.4544256,2.510967,0
1.56,0.2644636,0.2813094,-4.198534,-3.678208,0.5137303,0.4956525,2.286302,0
1.57,0.1977801,0.2286893,-3.783651,-3.740535,0.5331798,0.5322683,2.01356,0
1.58,0.1455136,0.1530484,-2.718334,-4.710639,0.552629,0.5500516,1.523518,0
1.59,0.1179751,0.0980944,-1.798239,-4.701589,0.5574915,0.5653647,1.147905,0
1.6,0.1036026,0.07512214,-1.76733,-3.907856,0.5672162,0.568826,0.8438514,0
1.61,0.08688758,0.07281532,-2.106803,-2.629908,0.5720787,0.5752479,0.6336018,0
1.62,0.04751508,0.06470921,-2.139045,-1.919589,0.5818033,0.5774263,0.3201708,0
1.63,-0.003012255,0.02601805,-1.410004,-2.239501,0.5769408,0.5821809,-0.02799006,0
1.64,-0.01965833,-0.03361368,-0.7702271,-3.250557,0.5623538,0.5745251,-0.4657249,0
1.65,-0.02820706,-0.05056487,-0.4715227,-2.765023,0.552629,0.5580238,-0.7684634,0
1.66,-0.03130978,-0.05077185,-0.5024323,-1.927105,0.5429044,0.5458208,-0.8080667,0
1.67,-0.03861174,-0.04541562,-0.5631858,-1.112433,0.5234549,0.535136,-0.8776639,0
1.68,-0.05349065,-0.05023541,-0.3825242,-0.9623499,0.508868,0.5151131,-1.120615,0
1.69,-0.06752948,-0.06495893,-0.01933587,-1.093772,0.4796937,0.497367,-1.318598,0
1.7,-0.07183641,-0.08352476,0.2116871,-1.518682,0.4553819,0.4677035,-1.546861,0
1.71,-0.06680714,-0.08703102,0.3518464,-1.324679,0.4359322,0.4415743,-1.58797,0
1.72,-0.05767003,-0.0761646,0.258851,-0.6954216,0.4067581,0.4217292,-1.472637,0
1.73,-0.0500375,-0.06364929,-0.01320724,-0.3335412,0.3873086,0.3943422,-1.487177,0
1.74,-0.04267964,-0.05147615,-0.2551551,0.03811234,0.3629968,0.3736884,-1.470226,0
1.75,-0.03829944,-0.04275927,-0.4675258,0.1274737,0.3435473,0.3497244,-1.503565,0
1.76,-0.06145314,-0.03753797,-0.3734645,0.1338961,0.3192356,0.3294637,-1.489928,0
1.77,-0.05879652,-0.06991726,0.05500716,-1.133804,0.2997861,0.3051685,-1.51336,0
1.78,-0.04618525,-0.0687659,-0.1261873,-0.872106,0.2754743,0.2860646,-1.41393,0
1.79,-0.04099093,-0.05222621,-0.642858,-0.3641843,0.2560248,0.2641137,-1.236528,0
1.8,-0.04807564,-0.04425606,-1.020435,-0.2174578,0.2414377,0.2456011,-1.112975,0
1.81,-0.05963016,-0.05276417,-0.923443,-0.5332785,0.2219882,0.2311377,-1.043627,0
1.82,-0.05016588,-0.06959212,-0.9439607,-1.065376,0.207401,0.2126727,-1.045659,0
1.83,-0.04535861,-0.05708408,-1.341256,-0.4628558,0.2025387,0.1985524,-0.9390119,0
1.84,-0.05958015,-0.04603886,-1.533376,0.01429704,0.1879518,0.193833,-0.7294202,0
1.85,-0.0745218,-0.06483577,-1.407339,-0.6697808,0.1733644,0.18101,-0.7682823,0
1.86,-0.08313664,-0.08581387,-1.386555,-1.197379,0.1587775,0.1661253,-0.8514284,0
1.87,-0.09040131,-0.09652835,-1.493673,-1.290186,0.1490526,0.1515452,-0.8086246,0
1.88,-0.1048638,-0.1025858,-1.564552,-1.160276,0.139328,0.1421225,-0.6691515,0
1.89,-0.1153857,-0.1180139,-1.562154,-1.340221,0.1344657,0.1334033,-0.5844451,0
1.9,-0.124951,-0.127586,-1.586935,-1.170748,0.1247408,0.1288273,-0.5186371,0
1.91,-0.1348481,-0.136731,-1.659945,-1.096473,0.115016,0.1201149,-0.5267984,0
1.92,-0.1482083,-0.146219,-1.70551,-1.047161,0.1101539,0.1102318,-0.5749546,0
1.93,-0.1662331,-0.1587683,-1.587734,-1.030406,0.1004291,0.1043189,-0.5808907,0
1.94,-0.1817439,-0.17913,-1.308748,-1.308012,0.09556675,0.0947039,-0.6403217,0
1.95,-0.1911032,-0.1946961,-1.086252,-1.267038,0.08584213,0.08893964,-0.6447999,0
1.96,-0.1967348,-0.2029859,-0.9921904,-1.069417,0.07611728,0.07976182,-0.6662735,0
1.97,-0.2021167,-0.2059574,-0.9458259,-0.7626722,0.07125497,0.06987042,-0.7027863,0
1.98,-0.2111091,-0.2074774,-0.8552287,-0.419211,0.06153011,0.06400842,-0.7144181,0
1.99,-0.2200954,-0.2160488,-0.6132807,-0.4414502,0.04694319,0.05416792,-0.8062671,0
2,-0.2240492,-0.2266239,-0.2460954,-0.5827845,0.03235579,0.0390735,-0.9480735,0
2.01,-0.2205291,-0.2301984,-0.09234659,-0.4857746,0.02263141,0.02349146,-1.017433,0
2.02,-0.2156974,-0.2222952,-0.04838029,-0.002704177,0.008044004,0.01295132,-0.9738889,0
2.03,-0.2193295,-0.2145702,0.0859168,0.265703,-0.001680374,-0.00097188,-0.9875533,0
2.04,-0.2148386,-0.2174562,0.2791021,0.1938091,-0.01140523,-0.01167275,-1.007816,0
2.05,-0.2057649,-0.2112809,0.3601067,0.4533453,-0.02113008,-0.02156422,-1.019932,0
2.06,-0.2008696,-0.1988566,0.4301863,0.8114053,-0.03571701,-0.03124457,-1.005955,0
2.07,-0.1946451,-0.1938404,0.6462874,0.7494279,-0.05030441,-0.04547199,-1.058987,0
2.08,-0.1852821,-0.1880403,0.7971051,0.7185296,-0.06002879,-0.0604838,-1.105872,0
2.09,-0.171367,-0.1767708,0.7640638,0.9099211,-0.06975365,-0.07081383,-1.046258,0
2.1,-0.1638214,-0.1601055,0.8565263,1.207037,-0.08434081,-0.07988543,-0.9687887,0
2.11,-0.1509147,-0.1536499,0.9609796,1.009195,-0.09406543,-0.09349587,-0.9732636,0
2.12,-0.1342463,-0.1398524,0.9375309,1.161074,-0.1086528,-0.1034754,-0.9338101,0
2.13,-0.1192152,-0.1223324,0.6878555,1.27911,-0.1135151,-0.1169559,-0.8949053,0
2.14,-0.1148543,-0.1045382,0.698514,1.483542,-0.1183772,-0.1222723,-0.7727577,0
2.15,-0.1113609,-0.101768,0.9353992,1.161382,-0.1183772,-0.1263931,-0.6845311,0
2.16,-0.1002117,-0.1000349,1.175215,0.9922259,-0.1329646,-0.1260494,-0.5892643,0
2.17,-0.0789739,-0.09208918,1.144839,0.8402343,-0.1329646,-0.1379671,-0.608197,0
2.18,-0.05799536,-0.06554965,0.854661,1.468499,-0.1378269,-0.1387416,-0.4579753,0
2.19,-0.04579571,-0.04101656,0.5748755,1.765725,-0.1378269,-0.1419125,-0.3653957,0
2.2,-0.0443087,-0.02821993,0.5538249,1.682255,-0.1329646,-0.141969,-0.3317742,0
2.21,-0.04033283,-0.02937337,0.7137024,1.265056,-0.1378269,-0.1376047,-0.2839953,0
2.22,-0.03116598,-0.03070045,0.766462,0.8321159,-0.1378269,-0.1409342,-0.3054082,0
2.23,-0.02435157,-0.02226761,0.7653962,0.851069,-0.1378269,-0.14086,-0.2164198,0
2.24,-0.01613482,-0.01591194,0.8117606,0.7710714,-0.1378269,-0.1398298,-0.09756583,0
2.25,-0.007832822,-0.008137685,0.8130929,0.7653192,-0.1378269,-0.1386673,-0.01892858,0
2.26,-0.0005511887,-3.869111e-05,0.8053655,0.7588024,-0.1329646,-0.1378209,0.03711097,0
2.27,0.006061559,0.008069318,0.8290806,0.8180572,-0.1378269,-0.1328549,0.1185334,0
2.28,0.01527715,0.01220494,0.8197545,0.5950487,-0.1329646,-0.1361059,0.08757562,0
2.29,0.02453075,0.02277713,0.7613992,0.75537,-0.1329646,-0.13212,0.1534256,0
2.3,0.0321993,0.03207517,0.7121037,0.7503787,-0.1329646,-0.1310475,0.1933712,0
2.31,0.04104015,0.03898901,0.624171,0.6638204,-0.1281021,-0.1306835,0.2025544,0
2.32,0.04746533,0.04868365,0.4880087,0.7503321,-0.1232398,-0.1260617,0.2648728,0
2.33,0.04947591,0.05509778,0.4285876,0.706588,-0.1183772,-0.1206949,0.3221391,0
2.34,0.0533879,0.05536566,0.4704222,0.4881326,-0.1135151,-0.1154391,0.346235,0
2.35,0.05748205,0.05801985,0.4163303,0.4104595,-0.1135151,-0.1102206,0.3690988,0
2.36,0.05994932,0.06022261,0.3880852,0.2518868,-0.1086528,-0.1093675,0.3632458,0
2.37,0.06537067,0.06219975,0.3417208,0.1842839,-0.09892797,-0.1048477,0.4122089,0
2.38,0.06433369,0.06933802,0.2585845,0.377908,-0.08920312,-0.09504188,0.5138401,0
2.39,0.07225491,0.06803484,0.1999627,0.2630814,-0.08434081,-0.08467958,0.5686408,0
2.4,0.08217971,0.07613615,-0.1741506,0.43712,-0.07461619,-0.0788087,0.5288972,0
2.41,0.08173227,0.08928499,-0.6183435,0.7571229,-0.05516672,-0.06972323,0.5427331,0
2.42,0.06429615,0.09111346,-0.7180005,0.782771,-0.04544187,-0.05158144,0.6113116,0
2.43,0.04477491,0.06645478,-0.3540127,-0.1168755,-0.0308547,-0.04118391,0.5128308,0
2.44,0.04067844,0.04056206,0.04061818,-0.7001539,-0.02113008,-0.02778746,0.4730151,0
2.45,0.04718686,0.03551858,-0.02732975,-0.5340943,-0.01626778,-0.01717154,0.5045739,0
2.46,0.04137946,0.04529972,-0.2042608,-0.0504119,-0.006542921,-0.01106823,0.5156013,0
2.47,0.02962206,0.04105866,-0.03292546,-0.0888098,-0.001680374,-0.002158094,0.5028255,0
2.48,0.03088944,0.02594924,0.2074237,-0.475971,0.003181696,0.002469618,0.384693,0
2.49,0.0396836,0.02797108,0.09790762,-0.2057253,0.008044004,0.006661943,0.315217,0
2.5,0.03823913,0.04133745,-0.1040709,0.3088,0.01776886,0.0112001,0.3121388,0
2.51,0.03075074,0.04237408,-0.0603711,0.3609977,0.02263141,0.01987951,0.3084075,0
2.52,0.02667159,0.03220161,0.1450715,0.02532785,0.03235579,0.02455133,0.2002058,0
2.53,0.03095441,0.02782317,0.2047591,0.04686536,0.03235579,0.03296648,0.1668894,0
2.54,0.02937864,0.03231581,0.159194,0.193203,0.03721833,0.03382702,0.1015392,0
2.55,0.02507108,0.03150104,0.2902935,0.1702443,0.03721833,0.03760258,0.08431615,0
2.56,0.02783962,0.0249721,0.457632,-0.07705979,0.03721833,0.03766837,0.02121877,0
2.57,0.03730075,0.02780045,0.3718311,0.03695259,0.04208064,0.03738645,-0.008587596,0
2.58,0.04135947,0.04153196,0.1930347,0.5099638,0.04208064,0.04180374,0.05195785,0
2.59,0.03785977,0.04646569,0.1559964,0.5019184,0.04694319,0.04242971,0.02830839,0
2.6,0.03699306,0.0418154,0.2620485,0.2804722,0.0518055,0.04625289,-0.003474277,0
2.61,0.03994744,0.04005291,0.3073471,0.2310647,0.0518055,0.05085147,-0.009161629,0
2.62,0.04379875,0.0424935,0.2631144,0.2474055,0.0518055,0.05145834,-0.03017929,0
2.63,0.04536771,0.04667413,0.1775799,0.293622,0.0518055,0.05141134,-0.04137819,0
2.64,0.04609119,0.04792999,0.1445386,0.2252291,0.0566678,0.05127803,-0.04633051,0
2.65,0.04893073,0.04918034,0.09764116,0.2514518,0.06153011,0.05561348,-0.003653616,0
2.66,0.05105953,0.05291551,-0.01693771,0.3621902,0.06153011,0.06083541,0.03506039,0
2.67,0.04948727,0.0543423,-0.1280526,0.2992445,0.06639242,0.06156645,0.001734851,0
2.68,0.04450044,0.05242632,-0.1006069,0.2121329,0.07125497,0.06562991,0.003224406,0
2.69,0.04386424,0.04589925,-0.04731444,0.01629168,0.07125497,0.07038995,0.01483445,0
2.7,0.04635927,0.04368419,-0.1613604,-0.04769435,0.07125497,0.07109442,-0.01184142,0
2.71,0.04149158,0.04657655,-0.2743405,0.04351219,0.07611728,0.07113856,-0.01444662,0
2.72,0.03293005,0.04170438,-0.1616268,-0.07521129,0.07611728,0.07537883,0.02786267,0
2.73,0.03238008,0.02987611,-0.03026085,-0.417786,0.07611728,0.07597595,-0.0002950625,0
2.74,0.03733298,0.02890701,-0.1610939,-0.3189475,0.07611728,0.07608679,-0.008424724,0
2.75,0.03575888,0.03635991,-0.3646712,-0.008597088,0.08097982,0.07632165,0.02052103,0
2.76,0.02670553,0.03668702,-0.3835901,0.05846921,0.08584213,0.08069532,0.05850424,0
2.77,0.02167041,0.02600941,-0.2269101,-0.2006171,0.08584213,0.08539342,0.03805518,0
2.78,0.0231309,0.01877428,-0.2290418,-0.3240631,0.08584213,0.08570403,-0.03196046,0
2.79,0.02018776,0.02121769,-0.3300311,-0.1319334,0.08584213,0.08545966,-0.05289309,0
2.8,0.01348742,0.01865106,-0.3105794,-0.1705008,0.08584213,0.08519897,-0.05832996,0
2.81,0.01075473,0.01055495,-0.2154523,-0.3535921,0.08584213,0.08492569,-0.08422647,0
2.82,0.01052377,0.007575257,-0.2447631,-0.3133543,0.08584213,0.08480918,-0.09370486,0
2.83,0.007189669,0.008497024,-0.2967233,-0.1704383,0.08584213,0.08485188,-0.0831123,0
2.84,0.002959548,0.005428063,-0.2599515,-0.1920371,0.08584213,0.08479474,-0.09028337,0
2.85,0.00155028,0.0007536034,-0.2362363,-0.2432171,0.08584213,0.08459941,-0.1154865,0
2.86,3.083632e-05,-0.0001966091,-0.274074,-0.1584933,0.08584213,0.08443245,-0.1301684,0
2.87,-0.003424672,-0.001004591,-0.2818014,-0.09745127,0.08584213,0.08428565,-0.1382384,0
2.88,-0.005340375,-0.004514379,-0.2634155,-0.1323677,0.08584213,0.08407856,-0.1573019,0
2.89,-0.007182387,-0.006242438,-0.2847325,-0.09218924,0.08584213,0.08388469,-0.1766858,0
2.9,-0.01055977,-0.007681923,-0.2876636,-0.0562932,0.08584213,0.08370179,-0.1881755,0
2.91,-0.01297367,-0.01117937,-0.2692777,-0.09133231,0.08584213,0.08350672,-0.2032572,0
2.92,-0.01491215,-0.01356191,-0.2743405,-0.07359555,0.08584213,0.08335047,-0.2176747,0
2.93,-0.01770576,-0.01516461,-0.2738075,-0.03628338,0.08584213,0.08322388,-0.2259007,0
2.94,-0.01992703,-0.01786959,-0.256754,-0.04118311,0.0907042,0.08308651,-0.237057,0
2.95,-0.021686,-0.01859334,-0.2572868,0.09840275,0.08584213,0.087341,-0.2075052,0
2.96,-0.02425238,-0.02167762,-0.252757,-0.005286992,0.08584213,0.08352259,-0.281487,0
2.97,-0.02655412,-0.02411029,-0.2231797,-0.002616994,0.08584213,0.08247845,-0.3103942,0
2.98,-0.02779317,-0.02614942,-0.2106559,0.01310734,0.08584213,0.08221099,-0.306862,0
2.99,-0.02979651,-0.02690865,-0.2007968,0.07188042,0.08584213,0.08221971,-0.303851,0
3,-0.03128226,-0.02864518,-0.1685549,0.08604216,0.08584213,0.08218341,-0.309514,0
3.01,-0.03165963,-0.02986652,-0.1560311,0.1190538,0.08584213,0.0820851,-0.3229784,0
3.02,-0.0324264,-0.02964024,-0.1656238,0.1897496,0.08584213,0.08195676,-0.3353743,0
3.03,-0.03448434,-0.02993823,-0.1405763,0.2240689,0.08584213,0.08178778,-0.3493812,0
3.04,-0.03497436,-0.03208581,-0.09714293,0.194222,0.08584213,0.08156924,-0.3676322,0
3.05,-0.03425089,-0.03234248,-0.1043374,0.2373113,0.08584213,0.08141048,-0.3809567,0
3.06,-0.03577814,-0.03089085,-0.09287953,0.3189996,0.08584213,0.08131556,-0.3859046,0
3.07,-0.03648293,-0.03240761,-0.0390541,0.2835342,0.08584213,0.08116913,-0.3965193,0
3.08,-0.03708072,-0.03316838,0.002514046,0.2900265,0.08584213,0.08103946,-0.4103529,0
3.09,-0.03812466,-0.03364825,0.08884789,0.3005836,0.08584213,0.08093107,-0.4153985,0
3.1,-0.0364977,-0.03471738,0.1642568,0.2905508,0.08097982,0.08086023,-0.4194025,0
3.11,-0.03399245,-0.03374467,0.1773134,0.2766579,0.08097982,0.07648034,-0.4642083,0
3.12,-0.03252815,-0.02983132,0.2068908,0.4108532,0.07611728,0.07576116,-0.4458505,0
3.13,-0.03058377,-0.02887785,0.2639137,0.3431058,0.07611728,0.07142831,-0.4666749,0
3.14,-0.02695137,-0.02613959,0.2828326,0.4180951,0.07611728,0.07082969,-0.4466794,0
3.15,-0.02393371,-0.02136664,0.2724406,0.5380548,0.07125497,0.07101545,-0.4161698,0
3.16,-0.02270003,-0.0189845,0.3225355,0.4762658,0.07125497,0.06681751,-0.4495649,0
3.17,-0.0179625,-0.01757443,0.3662353,0.460522,0.06639242,0.06609298,-0.4384596,0
3.18,-0.0130657,-0.01324463,0.3267989,0.4717385,0.06639242,0.0618733,-0.4507137,0
3.19,-0.01118593,-0.006990525,0.3100117,0.591105,0.06153011,0.0614395,-0.4087161,0
3.2,-0.009867352,-0.00636941,0.3984773,0.4284811,0.06153011,0.05728655,-0.4180635,0
3.21,-0.003805255,-0.005341338,0.4405784,0.3925718,0.0518055,0.05681747,-0.3877492,0
3.22,0.002440684,-0.0008318421,0.3558433,0.3285041,0.0518055,0.04847835,-0.4218848,0
3.23,0.005287885,0.007419439,0.3062813,0.5057813,0.04694319,0.04753856,-0.347681,0
3.24,0.008688557,0.009424238,0.3068142,0.3692034,0.04208064,0.04363949,-0.3206186,0
3.25,0.01300896,0.01165512,0.2641802,0.2799541,0.03721833,0.03908379,-0.3180905,0
3.26,0.01640803,0.01547078,0.1962323,0.2460981,0.03721833,0.03446219,-0.2901035,0
3.27,0.0184677,0.01961652,0.1365447,0.2922387,0.03721833,0.03436023,-0.2071708,0
3.28,0.02061065,0.02164106,0.08671619,0.2691214,0.03721833,0.03503195,-0.1448308,0
3.29,0.02266421,0.02350595,0.007843297,0.2553986,0.03721833,0.03558491,-0.1150921,0
3.3,0.02134175,0.02535049,-0.04225165,0.2416748,0.03721833,0.03589833,-0.0982455,0
3.31,0.02020118,0.02290973,-0.01747064,0.09259236,0.03721833,0.03601296,-0.0894812,0
3.32,0.02082904,0.0206172,-0.0390541,-0.004928838,0.03721833,0.03614787,-0.07933813,0
3.33,0.01960148,0.0210121,-0.07822409,0.004639838,0.03721833,0.03639614,-0.054915,0
3.34,0.01776794,0.0193433,-0.06729912,-0.0590602,0.03721833,0.03663497,-0.03288024,0
3.35,0.01756154,0.01680558,-0.07476007,-0.1258715,0.03721833,0.03682467,-0.02279746,0
3.36,0.01635163,0.01654366,-0.100074,-0.1010967,0.03721833,0.03700127,-0.01149237,0
3.37,0.01467483,0.0152619,-0.09421184,-0.1194834,0.03721833,0.03711273,-0.00213271,0
3.38,0.01411433,0.01329579,-0.1008734,-0.1492711,0.03721833,0.03716711,-0.00201414,0
3.39,0.01295064,0.01283,-0.1264538,-0.1212582,0.03721833,0.03720197,-0.001780619,0
3.4,0.01100211,0.0117378,-0.1229898,-0.1228178,0.03721833,0.03719487,-0.001907424,0
3.41,0.009966102,0.009556718,-0.1205916,-0.1544555,0.03721833,0.03714847,-0.007523191,0
3.42,0.008759044,0.00854921,-0.1416422,-0.1368371,0.03721833,0.03711341,-0.01174047,0
3.43,0.006925333,0.007464733,-0.1405763,-0.1278854,0.03721833,0.03707543,-0.01348728,0
3.44,0.005798348,0.005536596,-0.1381781,-0.1451169,0.03721833,0.03701948,-0.01896415,0
3.45,0.004449546,0.004492418,-0.1520342,-0.1259698,0.03721833,0.03696985,-0.02464972,0
3.46,0.002652147,0.003260896,-0.1507019,-0.1184566,0.03721833,0.03690729,-0.02898942,0
3.47,0.001118969,0.001411302,-0.146172,-0.1295093,0.03721833,0.03683052,-0.03602755,0
3.48,-0.0006147436,-0.0001120395,-0.1416422,-0.1240288,0.03721833,0.03675572,-0.04285672,0
3.49,-0.001992603,-0.001828929,-0.1269867,-0.1251829,0.03721833,0.03668021,-0.04825638,0
3.5,-0.002639667,-0.00309025,-0.128852,-0.1086498,0.03721833,0.03661986,-0.05393893,0
3.51,-0.003872833,-0.00337359,-0.1376452,-0.06439991,0.03721833,0.03656701,-0.05928868,0
3.52,-0.005384581,-0.004407104,-0.1309837,-0.05557464,0.03721833,0.03647361,-0.06752415,0
3.53,-0.00636419,-0.005920498,-0.1264538,-0.06030348,0.03721833,0.03635137,-0.07913642,0
3.54,-0.007734664,-0.006761972,-0.1227233,-0.040403,0.03721833,0.03624142,-0.08799262,0
3.55,-0.008886098,-0.008057405,-0.1086008,-0.04039324,0.03721833,0.03613901,-0.09462006,0
3.56,-0.009553363,-0.00912875,-0.1040709,-0.03005658,0.03721833,0.03605806,-0.1017052,0
3.57,-0.01058366,-0.009553642,-0.09634352,-0.001074594,0.03721833,0.03599041,-0.1073107,0
3.58,-0.01130838,-0.01044097,-0.08435271,0.005845783,0.03721833,0.03590842,-0.1139114,0
3.59,-0.01154571,-0.01101444,-0.08195456,0.02376409,0.03235579,0.03582565,-0.1219917,0
3.6,-0.01233006,-0.01229912,-0.08195456,-0.05933273,0.03721833,0.03135629,-0.1716861,0
3.61,-0.01301526,-0.01127857,-0.0710296,0.08504802,0.03721833,0.03494079,-0.1163019,0
3.62,-0.01353286,-0.01193775,-0.05877232,0.08471712,0.03721833,0.03572742,-0.1090756,0
3.63,-0.01422309,-0.01253023,-0.04464981,0.09142618,0.03721833,0.0357526,-0.1329242,0
3.64,-0.01471139,-0.01321022,-0.02120112,0.08908702,0.03721833,0.03554449,-0.1511978,0
3.65,-0.01455177,-0.01363291,-0.006012753,0.09503251,0.03721833,0.03537711,-0.1613964,0
3.66,-0.01425369,-0.01321753,-0.002282277,0.125669,0.03721833,0.03529255,-0.1656263,0
3.67,-0.01411676,-0.01262659,0.007043906,0.1526271,0.03721833,0.03524241,-0.1686123,0
3.68,-0.01364437,-0.01232667,0.01317255,0.1636796,0.03721833,0.03518517,-0.1738813,0
3.69,-0.01337383,-0.01167585,0.01823533,0.183581,0.03721833,0.03512609,-0.1793684,0
3.7,-0.01331745,-0.01130448,0.0326243,0.187971,0.03721833,0.03506273,-0.1835231,0
3.71,-0.01284938,-0.01127763,0.04648036,0.1806794,0.03721833,0.03500864,-0.1872351,0
3.72,-0.01233688,-0.01074904,0.05527362,0.1913694,0.03721833,0.03498445,-0.1884907,0
3.73,-0.01174832,-0.01013688,0.06699797,0.2001174,0.03721833,0.03497863,-0.1877348,0
3.74,-0.01084648,-0.00946495,0.07445891,0.2081642,0.03721833,0.03498157,-0.187625,0
3.75,-0.009974815,-0.008419251,0.0795217,0.2252315,0.03721833,0.03498685,-0.1875875,0
3.76,-0.009175455,-0.007431187,0.08565034,0.2343033,0.03721833,0.03498404,-0.1877038,0
3.77,-0.008148915,-0.006594826,0.09204544,0.235497,0.03721833,0.03497579,-0.18845,0
3.78,-0.007166462,-0.005505905,0.09684177,0.2434877,0.03235579,0.03497574,-0.1882011,0
3.79,-0.006318435,-0.005827911,0.1032369,0.1288005,0.03721833,0.0305925,-0.2298174,0
3.8,-0.005330548,-0.003333316,0.1093655,0.2653939,0.03721833,0.03428778,-0.1653247,0
3.81,-0.004666006,-0.002388132,0.1181588,0.2596636,0.03721833,0.03519507,-0.1471025,0
3.82,-0.004800443,-0.002009395,0.148802,0.2402944,0.03721833,0.03533046,-0.1618226,0
3.83,-0.005271976,-0.002545682,0.223145,0.192003,0.03721833,0.03521451,-0.1724391,0
3.84,-0.002474936,-0.003483451,0.279635,0.1429377,0.03235579,0.03514209,-0.1735975,0
3.85,0.002033503,-0.001470988,0.2276748,0.1259335,0.03235579,0.03085578,-0.2066111,0
3.86,0.003180878,0.00464983,0.1922353,0.2918003,0.03235579,0.03029563,-0.1745407,0
3.87,0.005354979,0.006193375,0.2090225,0.2666662,0.03235579,0.03043313,-0.1452144,0
3.88,0.009852223,0.008358389,0.1426733,0.283497,0.03235579,0.03062364,-0.1416124,0
3.89,0.01079562,0.01361612,0.05740532,0.3873321,0.03235579,0.03074294,-0.1353478,0
3.9,0.00937666,0.01432722,0.0837851,0.3094752,0.03235579,0.03071618,-0.1346455,0
3.91,0.01133048,0.01155577,0.1016381,0.1504227,0.03235579,0.03064182,-0.1414477,0
3.92,0.01211905,0.01322673,0.04781267,0.1762605,0.03235579,0.03074913,-0.1289057,0
3.93,0.01113105,0.01392599,0.05900409,0.1507464,0.03235579,0.03094052,-0.1037318,0
3.94,0.01239836,0.01218857,0.07019552,0.05947766,0.03235579,0.03112361,-0.0912552,0
3.95,0.01303391,0.01335536,0.02356458,0.08876943,0.03235579,0.03132747,-0.0790694,0
3.96,0.01197312,0.01405147,0.02596274,0.08669847,0.03235579,0.03148291,-0.06429041,0
3.97,0.01263973,0.01245858,0.03315723,0.0152633,0.03235579,0.03156631,-0.06011618,0
3.98,0.01309482,0.01303814,-0.001749352,0.03605344,0.03235579,0.03166166,-0.05576673,0
3.99,0.01198205,0.01361367,-0.00574629,0.04451763,0.03235579,0.03174057,-0.0468569,0
4,0.01215844,0.01210402,0.004112825,-0.01391721,0.03235579,0.03177318,-0.04514989,0
4.01,0.01226676,0.01217639,-0.02253343,-0.002032558,0.03235579,0.03182374,-0.04373862,0
4.02,0.01119603,0.01237818,-0.02599744,0.005955826,0.03235579,0.0318695,-0.03779535,0
4.03,0.01112598,0.01102772,-0.02066819,-0.03625132,0.03235579,0.03188651,-0.03687226,0
4.04,0.01105219,0.01090516,-0.04385043,-0.02438048,0.03235579,0.03191798,-0.03656882,0
4.05,0.01000535,0.01094121,-0.05157784,-0.01399823,0.03235579,0.03194267,-0.03315971,0
4.06,0.009574536,0.009696619,-0.04758091,-0.04592723,0.03235579,0.03193922,-0.03389769,0
4.07,0.009143225,0.009188671,-0.06303572,-0.04248543,0.03235579,0.03194205,-0.03538148,0
4.08,0.008001319,0.008802398,-0.06836497,-0.03797144,0.03235579,0.03194377,-0.03403505,0
4.09,0.00733633,0.007499116,-0.06356864,-0.06266373,0.03235579,0.03193159,-0.03504653,0
4.1,0.00692323,0.006780725,-0.07635885,-0.0591996,0.03235579,0.03192865,-0.03654216,0
4.11,0.005838914,0.006484786,-0.08275395,-0.04418948,0.03235579,0.03192905,-0.03606442,0
4.12,0.005074772,0.005335484,-0.07902347,-0.0596957,0.03235579,0.03190657,-0.03809838,0
4.13,0.004498715,0.004544435,-0.09074781,-0.05648781,0.03235579,0.03188177,-0.04168312,0
4.14,0.003357594,0.004064981,-0.09394538,-0.04460336,0.03235579,0.03185555,-0.04346747,0
4.15,0.002491242,0.002868179,-0.09101427,-0.05796235,0.03235579,0.03181487,-0.04661479,0
4.16,0.00169004,0.001983254,-0.09607706,-0.05492238,0.03235579,0.03177938,-0.05053412,0
4.17,0.00045464,0.001243798,-0.09634352,-0.04808001,0.03235579,0.03174484,-0.05285971,0
4.18,-0.0004275828,-4.776406e-05,-0.08728381,-0.05938875,0.03235579,0.03170193,-0.05627803,0
4.19,-0.001048016,-0.000906357,-0.09261306,-0.05129394,0.03235579,0.03166724,-0.06000581,0
4.2,-0.002106402,-0.001368839,-0.09261306,-0.0327728,0.03235579,0.03163556,-0.06251194,0
4.21,-0.002980747,-0.002393816,-0.08834965,-0.03625461,0.03235579,0.03158548,-0.06687135,0
4.22,-0.003643596,-0.003234772,-0.08968196,-0.03020304,0.03235579,0.03153035,-0.07255916,0
4.23,-0.004587694,-0.003771721,-0.08888259,-0.01573189,0.03235579,0.03147603,-0.07682885,0
4.24,-0.005454223,-0.004667314,-0.07849055,-0.01583164,0.03235579,0.03141586,-0.0815279,0
4.25,-0.00608007,-0.005501768,-0.07609238,-0.01178045,0.03235579,0.03135731,-0.08686353,0
4.26,-0.006891494,-0.006010779,-0.07209545,0.002282567,0.03235579,0.0313052,-0.0910446,0
4.27,-0.007465417,-0.006749761,-0.06383512,0.005780162,0.03235579,0.03124971,-0.09535182,0
4.28,-0.007902768,-0.00721876,-0.06063756,0.01874776,0.03235579,0.0311985,-0.1002387,0
4.29,-0.008425333,-0.007501745,-0.05637416,0.03440443,0.03235579,0.03114546,-0.1046011,0
4.3,-0.008745261,-0.00791601,-0.04997906,0.0424032,0.03235579,0.03108641,-0.1096139,0
4.31,-0.009006262,-0.008107838,-0.04411688,0.0565134,0.03235579,0.03102835,-0.1148214,0
4.32,-0.009405211,-0.008231123,-0.03718887,0.06909758,0.03235579,0.0309698,-0.1194105,0
4.33,-0.009630301,-0.008563608,-0.02732975,0.07224576,0.03235579,0.03090945,-0.1241872,0
4.34,-0.009636948,-0.008708241,-0.02066819,0.08149202,0.03235579,0.03085751,-0.1284536,0
4.35,-0.009711907,-0.008571219,-0.01320724,0.09706144,0.03235579,0.03081645,-0.1314414,0
4.36,-0.009745966,-0.008538356,-0.006279215,0.1050309,0.03235579,0.0307763,-0.1345234,0
4.37,-0.009676296,-0.008497318,-0.0001505762,0.1117775,0.03235579,0.03073608,-0.1380544,0
4.38,-0.009625106,-0.008342126,0.005711596,0.1203467,0.03235579,0.03069896,-0.1409105,0
4.39,-0.009505058,-0.008226186,0.01370547,0.125164,0.03235579,0.03066605,-0.1432079,0
4.4,-0.009427084,-0.008048079,0.02116642,0.1308066,0.03235579,0.0306401,-0.1451741,0
4.41,-0.009467195,-0.007936813,0.03901941,0.1325759,0.03235579,0.03061738,-0.146659,0
4.42,-0.009375458,-0.007996856,0.06060287,0.1285189,0.03235579,0.03059772,-0.1479129,0
4.43,-0.01000258,-0.007898994,0.1029704,0.13078,0.03235579,0.03058918,-0.1483797,0
4.44,-0.008885247,-0.008710217,0.1533318,0.103088,0.03235579,0.03057108,-0.1486855,0
4.45,-0.004999088,-0.007315227,0.1186917,0.1549393,0.03235579,0.03060996,-0.1471061,0
4.46,-0.003343995,-0.002227326,0.04701328,0.3044391,0.02749372,0.03069602,-0.1417312,0
4.47,-0.003937477,-0.001406815,0.0475462,0.1971388,0.02749372,0.0262554,-0.1900161,0
4.48,-0.00330713,-0.002296769,0.07099491,0.1292649,0.02749372,0.02537052,-0.1883488,0
4.49,-0.002356528,-0.001745313,0.05660593,0.1304815,0.02749372,0.02543175,-0.159151,0
4.5,-0.002437807,-0.0006824406,0.0603364,0.1474741,0.02749372,0.0257308,-0.1318052,0
4.51,-0.002045575,-0.0009605653,0.08058755,0.118581,0.02749372,0.02595297,-0.1186668,0
4.52,-0.001075846,-0.000697789,0.08298571,0.1177809,0.02749372,0.02608416,-0.1140249,0
4.53,-0.0006549705,0.0004230222,0.0816534,0.1416604,0.02749372,0.02616441,-0.1089655,0
4.54,-0.0003250963,0.0008640566,0.09844054,0.1354184,0.02749372,0.02619994,-0.1066054,0
4.55,0.001448074,0.001099557,0.09577592,0.1256339,0.02749372,0.02621127,-0.1071939,0
4.56,0.002826398,0.003200145,0.05420777,0.176695,0.02263141,0.0262499,-0.1048655,0
4.57,0.002428236,0.003517066,0.04408219,0.07839234,0.02263141,0.02187642,-0.1455049,0
4.58,0.001625615,0.003065364,0.07845585,0.04131715,0.02263141,0.02112442,-0.1296879,0
4.59,0.002031967,0.001953483,0.1194911,-0.0004901215,0.02263141,0.02125993,-0.09647346,0
4.6,0.004453806,0.002370223,0.1064344,0.02352929,0.02263141,0.02159953,-0.07093714,0
4.61,0.006887115,0.005535834,0.03848648,0.1265147,0.02263141,0.02189566,-0.0539385,0
4.62,0.006371321,0.008743264,-0.005213365,0.1984804,0.02263141,0.02202391,-0.05060234,0
4.63,0.00569436,0.007894833,0.02116642,0.1228687,0.02263141,0.02192534,-0.06321832,0
4.64,0.006747941,0.006544048,0.009974994,0.05816276,0.02263141,0.02178945,-0.07551683,0
4.65,0.006296137,0.007613752,-0.01667126,0.0841391,0.02263141,0.02178197,-0.07021479,0
4.66,0.005531674,0.006961462,-0.001216426,0.0424583,0.02263141,0.02183293,-0.05990186,0
4.67,0.006156313,0.005758956,-0.005213365,5.217083e-05,0.02263141,0.02191048,-0.05554133,0
4.68,0.005771151,0.006449612,-0.02599744,0.02917041,0.02263141,0.02201556,-0.04785761,0
4.69,0.004993346,0.00601425,-0.01613832,0.01054095,0.02263141,0.022084,-0.04100181,0
4.7,0.005211186,0.004959487,-0.01906942,-0.01864727,0.02263141,0.02212191,-0.04073932,0
4.71,0.004847561,0.0052344,-0.03425777,0.00294017,0.02263141,0.02216288,-0.03856126,0
4.72,0.004165067,0.00488659,-0.02892853,-0.003982678,0.02263141,0.02218228,-0.03577628,0
4.73,0.004227846,0.004051001,-0.02919499,-0.02178931,0.02263141,0.02218564,-0.03706852,0
4.74,0.003790306,0.004190248,-0.0411858,-0.00289529,0.02263141,0.02219583,-0.03711691,0
4.75,0.003080081,0.003769872,-0.03718887,-0.008838662,0.02263141,0.02218924,-0.03662729,0
4.76,0.002908149,0.002932107,-0.03638948,-0.02403248,0.01776886,0.02217356,-0.03889837,0
4.77,0.002531956,0.001456086,-0.04491628,-0.1282731,0.02263141,0.01777772,-0.08283532,0
4.78,0.001840674,0.002815087,-0.04145226,0.01627088,0.02263141,0.02145071,-0.01988995,0
4.79,0.00156776,0.002028636,-0.04065287,-7.724948e-05,0.02263141,0.02231288,-0.006394511,0
4.8,0.001098431,0.001614084,-0.04811382,0.005769059,0.02263141,0.02240602,-0.02634882,0
4.81,0.0003985951,0.001137912,-0.04438335,0.00237793,0.02263141,0.02224584,-0.04104158,0
4.82,0.0001284779,0.0003655719,-0.0433175,-0.01007457,0.02263141,0.02210437,-0.04945621,0
4.83,-0.0001625098,0.0001398174,-0.04784736,-0.001102909,0.02263141,0.02203658,-0.05254916,0
4.84,-0.0008459269,-6.928254e-05,-0.04598212,0.005230086,0.02263141,0.0220084,-0.05301914,0
4.85,-0.001210659,-0.0008099871,-0.04251812,-0.005930922,0.02263141,0.02198358,-0.05493117,0
4.86,-0.001570908,-0.00116756,-0.0454492,-0.000139391,0.02263141,0.02196705,-0.05695002,0
4.87,-0.002215902,-0.001469272,-0.04251812,0.00528897,0.02263141,0.02195051,-0.05779888,0
4.88,-0.002502937,-0.00214741,-0.03798825,-0.001865517,0.02263141,0.02192727,-0.0598275,0
4.89,-0.002799431,-0.002383723,-0.03985349,0.008414865,0.02263141,0.02191027,-0.06192511,0
4.9,-0.003154296,-0.002591531,-0.03612301,0.01624523,0.02263141,0.02188939,-0.06332174,0
4.91,-0.003371034,-0.002897861,-0.03212608,0.01970507,0.02263141,0.02186341,-0.06593033,0
4.92,-0.003586003,-0.00304385,-0.03185961,0.02806333,0.02263141,0.02183378,-0.06879878,0
4.93,-0.003918109,-0.003186298,-0.02866206,0.03430662,0.02263141,0.02180094,-0.07139526,0
4.94,-0.00406643,-0.003498435,-0.02439867,0.03398707,0.02263141,0.02176541,-0.07425715,0
4.95,-0.004239742,-0.00359241,-0.02439867,0.04139831,0.02263141,0.02173683,-0.07668444,0
4.96,-0.004456405,-0.003707866,-0.01880295,0.04588522,0.02263141,0.02171046,-0.0784449,0
4.97,-0.004433983,-0.00389865,-0.01453955,0.04730321,0.02263141,0.02168556,-0.08051887,0
4.98,-0.004499851,-0.003793746,-0.01294077,0.05814187,0.02263141,0.0216669,-0.08223525,0
4.99,-0.004696751,-0.003795443,-0.01000969,0.06221616,0.02263141,0.02164487,-0.08377424,0
5,-0.004733527,-0.003997712,-0.003881052,0.05943648,0.02263141,0.02161914,-0.0860069,0
5.01,-0.004669904,-0.004008528,-0.002815202,0.06394623,0.02263141,0.0215993,-0.08761769,0
5.02,-0.00464023,-0.003876212,0.002247583,0.07134505,0.02263141,0.02158671,-0.08825788,0
5.03,-0.004501234,-0.003797198,0.006777443,0.07500082,0.02263141,0.0215751,-0.08919469,0
5.04,-0.00432526,-0.003599586,0.005711596,0.08168584,0.02263141,0.02156347,-0.09044503,0
5.05,-0.004142192,-0.003360614,0.01077439,0.08753269,0.02263141,0.02154979,-0.09152176,0
5.06,-0.004007658,-0.003131216,0.01317255,0.0913662,0.02263141,0.02153565,-0.09266977,0
5.07,-0.003795072,-0.002982235,0.01477132,0.09146863,0.02263141,0.02152091,-0.09372059,0
5.08,-0.003718066,-0.002748222,0.01663656,0.09417019,0.02263141,0.02151199,-0.09427884,0
5.09,-0.00342899,-0.00268923,0.01903472,0.09010925,0.02263141,0.02150473,-0.09437082,0
5.1,-0.003187528,-0.002374211,0.01956765,0.09546638,0.02263141,0.02150897,-0.09406666,0
5.11,-0.002981523,-0.00210476,0.02116642,0.09701987,0.02263141,0.02151387,-0.09327315,0
5.12,-0.002781156,-0.001901484,0.0227652,0.096072,0.02263141,0.02151847,-0.09303711,0
5.13,-0.00250614,-0.001713858,0.0227652,0.09467748,0.02263141,0.02152185,-0.09272362,0
5.14,-0.002290379,-0.00143121,0.02356458,0.09633173,0.02263141,0.02152934,-0.09197213,0
5.15,-0.002095434,-0.001222077,0.02516336,0.09467275,0.02263141,0.02153756,-0.09106599,0
5.16,-0.001825395,-0.001050432,0.02436397,0.09217527,0.02263141,0.02154677,-0.09031186,0
5.17,-0.001670981,-0.0007818731,0.02542982,0.0931239,0.02263141,0.02155903,-0.08925112,0
5.18,-0.001481446,-0.0006558077,0.02569628,0.08874241,0.02263141,0.0215697,-0.08812804,0
5.19,-0.001153275,-0.0004951207,0.02542982,0.08670565,0.02263141,0.02158298,-0.08712822,0
5.2,-0.0009941951,-0.0001459252,0.02569628,0.090719,0.02263141,0.02160038,-0.08565819,0
5.21,-0.0008648512,-6.778515e-06,0.02383105,0.08631214,0.02263141,0.0216127,-0.08447492,0
5.22,-0.0006549491,7.366409e-05,0.02196581,0.08150356,0.02263141,0.02162329,-0.08384041,0
5.23,-0.0005393346,0.0002665144,0.02196581,0.08121856,0.02263141,0.02163662,-0.08260886,0
5.24,-0.000353893,0.0003513076,0.02196581,0.07703222,0.02263141,0.02165059,-0.08116737,0
5.25,-0.0001792054,0.0005199306,0.02143288,0.07671134,0.02263141,0.02166782,-0.07992313,0
5.26,-0.0001063029,0.0006867823,0.01983411,0.07593529,0.02263141,0.02168331,-0.07859693,0
5.27,6.885778e-05,0.0007211202,0.01770241,0.07100522,0.02263141,0.0216951,-0.07765943,0
5.28,0.0001821729,0.0008834859,0.01716948,0.07152595,0.02263141,0.02170886,-0.07669622,0
5.29,0.0003470592,0.0009820971,0.01450486,0.06930935,0.02263141,0.02172073,-0.07551913,0
5.3,0.0004550957,0.001140935,0.01370547,0.06964089,0.02263141,0.021734,-0.07461423,0
5.31,0.0005193701,0.001233214,0.01104084,0.06740326,0.02263141,0.02174376,-0.07376809,0
5.32,0.0006051562,0.001264558,0.008909147,0.06382959,0.02263141,0.02175204,-0.0731315,0
5.33,0.000729368,0.001326706,0.007043906,0.06210052,0.02263141,0.02176158,-0.07230608,0
5.34,0.0007601571,0.001447264,0.004645746,0.06243303,0.02263141,0.02177351,-0.07125602,0
5.35,0.0007793233,0.001452354,0.002780508,0.05878473,0.02263141,0.02178296,-0.07043218,0
5.36,0.000799268,0.001437115,0.0006488077,0.05564592,0.02263141,0.02179153,-0.06985611,0
5.37,0.0007542642,0.001432112,-0.0006835088,0.05353759,0.02263141,0.02180037,-0.06904951,0
5.38,0.0007075719,0.001351685,-0.001749352,0.04950853,0.02263141,0.02180904,-0.06823663,0
5.39,0.0007080264,0.001272216,-0.003881052,0.04674473,0.02263141,0.02181863,-0.06750263,0
5.4,0.0006071043,0.001264719,-0.005213365,0.0469666,0.02263141,0.02182938,-0.06665783,0
5.41,0.0005537025,0.00113686,-0.004413977,0.04319916,0.02263141,0.02183636,-0.06607155,0
5.42,0.0005287313,0.001066639,-0.00468044,0.04264139,0.02263141,0.02184302,-0.06578302,0
5.43,0.0004293536,0.001046608,-0.007877991,0.04368331,0.02263141,0.02184841,-0.06535602,0
5.44,0.0003510727,0.0009345733,-0.006012753,0.04154196,0.02263141,0.02185034,-0.06525294,0
5.45,0.0003044457,0.0008453601,-0.006012753,0.04101766,0.02263141,0.02185099,-0.06539248,0
5.46,0.0002342563,0.000805104,-0.007078603,0.04216019,0.01776886,0.02185131,-0.06536704,0
5.47,0.000118994,-0.0006067439,-0.008144453,-0.07436587,0.02263141,0.0174601,-0.1085739,0
5.48,7.172832e-05,0.0009502501,-0.00681214,0.0668852,0.02263141,0.02113847,-0.04607058,0
5.49,-1.609813e-05,0.0008910443,-0.007345065,0.06358744,0.02263141,0.02201691,-0.03074239,0
5.5,-6.02787e-05,0.0006300894,-0.008410916,0.05925794,0.02263141,0.02211937,-0.04917802,0
5.51,-0.00019659,0.0005561995,-0.008943841,0.05742723,0.02263141,0.02197538,-0.06335463,0
5.52,-0.0002716199,0.0003968838,-0.007611528,0.0512958,0.02263141,0.02185171,-0.06983874,0
5.53,-0.0002956214,0.0003044616,-0.007877991,0.04884363,0.02263141,0.02179492,-0.07165197,0
5.54,-0.000431254,0.0002839934,-0.007345065,0.04919748,0.02263141,0.02178184,-0.07116866,0
5.55,-0.0005509306,0.0001220913,-0.007611528,0.04504075,0.02263141,0.02178378,-0.07048747,0
5.56,-0.0005898846,-2.573541e-05,-0.00574629,0.04296686,0.02263141,0.02178991,-0.07013724,0
5.57,-0.000632426,-5.631527e-05,-0.005479828,0.04518144,0.02263141,0.02179711,-0.0696253,0
5.58,-0.0006615671,-8.13128e-05,-0.00574629,0.04687761,0.02263141,0.0218018,-0.06935411,0
5.59,-0.0005939568,-9.373462e-05,-0.00574629,0.0487081,0.02263141,0.02180224,-0.06963228,0
5.6,-0.0006186963,1.580462e-05,-0.004413977,0.05396676,0.02263141,0.0218001,-0.07007293,0
5.61,-0.0007488547,6.368267e-06,-0.005479828,0.05381515,0.01776886,0.02179179,-0.07073762,0
5.62,-0.000784037,-0.00150088,-0.005213365,-0.06732553,0.02263141,0.01738963,-0.1148556,0
5.63,-0.00090583,0.0001406698,-0.00361459,0.07631948,0.02263141,0.02106485,-0.05242194,0
5.64,-0.001001824,-1.617608e-05,-0.00361459,0.06847309,0.02263141,0.02194177,-0.03668722,0
5.65,-0.001013232,-0.0003034117,-0.002015814,0.06360377,0.02263141,0.02204861,-0.05492375,0
5.66,-0.001126697,-0.0003358823,-0.001216426,0.06325359,0.02263141,0.02191029,-0.06852373,0
5.67,-0.001126081,-0.0004638256,-0.0004170388,0.0578123,0.02263141,0.02179166,-0.07466428,0
5.68,-0.001101256,-0.0004613753,-0.0009499639,0.05794856,0.02263141,0.02173825,-0.07643653,0
5.69,-0.0011037,-0.0004210458,0.0001158826,0.05893416,0.02263141,0.0217244,-0.07607137,0
5.7,-0.001027643,-0.0004221815,-0.0001505762,0.05846218,0.02263141,0.02172587,-0.07559871,0
5.71,-0.001036564,-0.0003282645,0.001181737,0.0613088,0.02263141,0.02173115,-0.07532887,0
5.72,-0.000983409,-0.0003393643,0.002247583,0.05982587,0.02263141,0.02173168,-0.07526538,0
5.73,-0.0009149092,-0.0002817411,0.001714658,0.0611845,0.02263141,0.02173238,-0.07542549,0
5.74,-0.0009195716,-0.000197929,0.001981121,0.06273621,0.02263141,0.0217323,-0.07535051,0
5.75,-0.0009027884,-0.0002120087,0.0003823452,0.0607065,0.02263141,0.02173055,-0.07544785,0
5.76,-0.0008743226,-0.0002060448,0.0001158826,0.0600311,0.02263141,0.02172988,-0.07554594,0
5.77,-0.0009083648,-0.000179077,-0.0001505762,0.06004151,0.02263141,0.02173092,-0.07531572,0
5.78,-0.0008628158,-0.0002309087,-0.0004170388,0.05749039,0.02263141,0.02173219,-0.07510199,0
5.79,-0.0008920522,-0.0001832826,-0.0004170388,0.05894925,0.02263141,0.02173646,-0.07485177,0
5.8,-0.0008244691,-0.0002218044,0.0003823452,0.05700327,0.02263141,0.02173853,-0.07453869,0
5.81,-0.0008625049,-0.0001430287,-0.0004170388,0.05955311,0.02263141,0.02174302,-0.0743874,0
5.82,-0.0009164243,-0.0001907449,-0.0006835088,0.05707614,0.02263141,0.02174299,-0.0742531,0
5.83,-0.0009104287,-0.0002698847,-0.001482889,0.05461195,0.02263141,0.02174279,-0.07439376,0
5.84,-0.0009999574,-0.0002653416,-0.001482889,0.0554391,0.02263141,0.02174483,-0.07416128,0
5.85,-0.0009781034,-0.0003745188,0.0006488077,0.05226149,0.02263141,0.02174601,-0.0738814,0
5.86,-0.0009152364,-0.0003463488,0.0003823452,0.05464768,0.02263141,0.02175077,-0.07371075,0
5.87,-0.0009498126,-0.0002519169,0.0003823452,0.0581615,0.02263141,0.02175461,-0.07338256,0
5.88,-0.001019663,-0.0002875818,0.001981121,0.05658559,0.02263141,0.02175324,-0.07360835,0
5.89,-0.0009873139,-0.000381146,0.0009152703,0.0539185,0.02263141,0.02174856,-0.07414056,0
5.9,-0.0009471613,-0.0003396214,-0.001216426,0.056278,0.02263141,0.02174743,-0.0741735,0
5.91,-0.0009494333,-0.0002772331,-0.0001505762,0.05834984,0.02263141,0.02174836,-0.07392911,0
5.92,-0.0009316726,-0.0002761615,0.0003823452,0.05798903,0.02263141,0.0217477,-0.07408351,0
5.93,-0.00088802,-0.0002564052,-0.0006835088,0.05845333,0.02263141,0.02174563,-0.07437545,0
5.94,-0.0009041697,-0.0002014816,0.0001158826,0.05979588,0.02263141,0.02174387,-0.07447039,0
5.95,-0.0009059128,-0.0002241629,-0.001482889,0.05822515,0.02263141,0.02174128,-0.07458548,0
5.96,-0.0008846846,-0.0002346869,0.0001158826,0.0576286,0.02263141,0.02174011,-0.07470415,0
5.97,-0.000923943,-0.0002110388,-0.001482889,0.05817551,0.02263141,0.02174073,-0.07455547,0
5.98,-0.0009518308,-0.0002630609,-0.001216426,0.05610512,0.02263141,0.02174102,-0.07443639,0
5.99,-0.0009739932,-0.0003043708,-0.0006835088,0.05512283,0.02263141,0.02174235,-0.07438253,0
6,-0.0009821372,-0.0003319048,0.0006488077,0.05477957,0.01776886,0.02174435,-0.07415207,0
6.01,-0.0009833382,-0.001683395,-0.0001505762,-0.06132307,0.02263141,0.01735684,-0.1170533,0
6.02,-0.0009277969,5.3806e-06,0.0003823452,0.08230919,0.02263141,0.02104048,-0.05410931,0
6.03,-0.0009080794,6.31822e-05,0.0006488077,0.08008607,0.02263141,0.02192259,-0.03852886,0
6.04,-0.0008742864,-8.261908e-05,0.0006488077,0.0764572,0.02263141,0.02202658,-0.05697131,0
6.05,-0.000910091,-8.302326e-05,0.0003823452,0.07367111,0.02263141,0.02188203,-0.0711626,0
6.06,-0.0009157308,-0.0001443005,0.0003823452,0.0675613,0.02263141,0.02175939,-0.07751433,0
6.07,-0.0008657656,-0.000176835,-0.001482889,0.06369185,0.02263141,0.02170459,-0.0789986,0
6.08,-0.0008214396,-0.0001345455,-0.0004170388,0.06307307,0.02263141,0.02169565,-0.07812735,0
6.09,-0.0008174367,-9.501941e-05,0.0001158826,0.06244873,0.02263141,0.02170537,-0.07683089,0
6.1,-0.0009163484,-0.000108813,0.0001158826,0.06039225,0.02263141,0.0217168,-0.07597892,0
6.11,-0.0008896586,-0.0002546313,0.0006488077,0.05480466,0.02263141,0.02172334,-0.07552972,0
6.12,-0.0008299103,-0.0002364928,-0.0004170388,0.05615859,0.02263141,0.02173266,-0.07493207,0
6.13,-0.0009035866,-0.0001553654,0.001181737,0.05871685,0.02263141,0.02174208,-0.07407876,0
6.14,-0.0008790638,-0.0002482222,0.001981121,0.05507558,0.02263141,0.02174555,-0.07392411,0
6.15,-0.0008557275,-0.0002260196,0.001181737,0.05648472,0.02263141,0.0217483,-0.0740387,0
6.16,-0.000855181,-0.0001906745,0.001181737,0.05755241,0.02263141,0.02174936,-0.07380912,0
6.17,-0.0008055624,-0.0001888075,0.0009152703,0.05732708,0.02263141,0.02174984,-0.07383657,0
6.18,-0.0007505369,-0.0001275946,0.0001158826,0.05911598,0.02263141,0.02175016,-0.07392813,0
6.19,-0.0007539805,-5.698661e-05,-0.0004170388,0.06054396,0.02263141,0.02174947,-0.07396318,0
6.2,-0.0007576304,-6.665506e-05,-0.001216426,0.0590239,0.02263141,0.02174674,-0.07418083,0
6.21,-0.0007852527,-8.298684e-05,-0.0006835088,0.05783194,0.02263141,0.02174441,-0.07437174,0
6.22,-0.0008322479,-0.0001262266,-0.001216426,0.05602686,0.02263141,0.02174347,-0.07427312,0
6.23,-0.0008481417,-0.0001925091,-0.001216426,0.05402362,0.02263141,0.02174497,-0.07403967,0
6.24,-0.0008294714,-0.0002147801,-0.001482889,0.05400846,0.02263141,0.0217491,-0.07367755,0
6.25,-0.0007932759,-0.0001858687,0.0003823452,0.05554941,0.02263141,0.02175421,-0.0732862,0
6.26,-0.0007876941,-0.0001328856,0.0003823452,0.05739526,0.02263141,0.02175778,-0.0731284,0
6.27,-0.0007999699,-0.0001223608,-0.0006835088,0.05738983,0.02263141,0.02175731,-0.07329792,0
6.28,-0.0007694193,-0.0001405013,0.0006488077,0.05656592,0.02263141,0.02175438,-0.07361142,0
6.29,-0.0007600573,-0.0001040671,-0.0006835088,0.05770034,0.02263141,0.02175275,-0.073722,0
6.3,-0.0007557495,-9.133275e-05,-0.0004170388,0.05762282,0.02263141,0.02175165,-0.07369457,0
6.31,-0.0008021208,-8.952861e-05,0.001181737,0.05729684,0.02263141,0.02175114,-0.07375724,0
6.32,-0.0007593079,-0.0001529044,0.0003823452,0.05498333,0.02263141,0.02174963,-0.07380785,0
6.33,-0.0006752701,-0.0001028022,0.001714658,0.0570192,0.02263141,0.02175177,-0.0736777,0
6.34,-0.0006266942,9.71368e-06,-0.0001505762,0.06019796,0.02263141,0.02175496,-0.07336087,0
6.35,-0.0004990465,7.201965e-05,-0.0001505762,0.0608621,0.02263141,0.02175539,-0.07343867,0
